subject,overall (rmse),< 70 (rmse),70 - 180 (rmse),> 180 (rmse),overall (mae),< 70 (mae),70 - 180 (mae),> 180 (mae),CEG_zoneA,CEG_zoneB,CEG_zoneC,CEG_zoneD,CEG_zoneE
545,59.54817107073226,25.53456775513932,56.742619608034175,69.47320032263032,43.8693554585846,23.113475773144764,40.983932589246585,55.16976329419279,48.248469852845425,45.34444589139211,5.391326995702565,0.37765334027868214,0.6381039197812215
223,56.50032755132426,50.508432016338,49.00678278046361,62.08616928253122,39.013917763422725,33.18101096042032,32.84033957868848,44.19982945045755,63.34835801674179,29.375402446877015,4.3786220218931104,2.1764327108821635,0.7211848036059241
1012,54.03696788710266,59.44680653961599,52.25929260441616,65.21565094106367,39.87793534833521,45.54879365384291,38.16985720739508,51.908054637156894,45.938529088913285,48.765093304061466,4.04774972557629,0.9055982436882546,0.34302963776070255
1210,90.43751609650658,104.28106770557937,84.29860108323328,133.04626035773592,66.58295653895523,71.78938068502183,62.111468686357306,108.35397478509799,27.530152071316206,55.85998951232302,12.205034084950183,1.5731515469323543,2.831672784478238
948,38.52069345108617,19.429012428055394,37.08164683798015,58.44128971744039,26.5820322536584,13.080666512305825,25.704229611985014,43.12238876990249,61.64366215018361,36.27959984804356,1.5069013549449157,0.4558693174623275,0.11396732936558188
974,48.01946588859389,52.5355030247582,45.44043976718682,64.99944695596051,34.95475935646218,37.024536549168985,33.08623810629287,49.94393863167348,51.41198205331222,45.11744523621008,2.7447875428873054,0.5146476642913698,0.2111375032990235
97,68.67405345256701,111.12342598109963,66.14549637485987,72.64904919231276,49.48310592276981,86.1035667072517,47.118485271051675,53.732430678326416,48.016343745881116,42.48055885066561,7.170159483326744,1.173059180176618,1.1598787399499144
1416,22.01400408977756,26.003592556292947,21.945212595794143,,15.546975321609915,20.241855537475598,15.472864661118196,,75.03474415666456,23.94188250157928,0.07580543272267846,0.9475679090334808,0.0
54,39.686876040740785,40.88516142044247,38.452310659199036,89.3735605570564,26.00290731570603,27.604636374765985,25.13671466805003,76.36662845391776,59.06513621905683,33.84040934863781,1.9775964596874567,4.867929746922971,0.24892822569492465
431,38.594360628244765,22.351580429463432,33.05022863702027,51.146988179051164,26.925881967996062,17.717858008928197,23.09309560843636,37.79168375504043,67.44317379641394,30.84851051814203,1.3694762106452067,0.33883947479881404,0.0
425,54.25938420668955,56.801283390432694,54.07917724313475,53.50621410984575,38.422593205038616,39.50683088817773,38.68298366457327,37.20733049663698,55.71690214547358,36.787022501308215,3.47985347985348,3.5975928833071693,0.4186289900575615
1199,30.848432033730944,9.939200291841834,28.383997484535335,80.25558340026156,20.434354787094904,9.09975853150752,19.224307032589888,66.02152935315708,74.7836048879837,24.236252545824847,0.8783095723014257,0.06364562118126273,0.03818737270875763
419,45.07184605250769,,43.25857200107919,46.277137379160635,30.90425203217279,,26.75208918085334,33.75853086000535,72.02992265753771,24.648155192088247,2.1427665779130214,0.8241409915050082,0.3550145809560036
380,80.71658127300161,83.19797640097362,75.27825494903674,94.28180701305682,58.247070456122344,50.246939045729036,52.859264170839126,73.64823439979762,39.86820428336079,45.887720187555445,11.025218603472311,1.3813204916994044,1.837536433912052
1615,70.24112901753416,24.719538709154055,54.52371634914362,87.33642249696496,48.816025775120536,23.393137187647454,35.890401965080216,66.56453757649027,53.27201051248357,35.978975032851515,7.385019710906701,2.2339027595269383,1.1300919842312747
356,34.86175298062373,26.933477566727408,33.328784317493124,49.293046233660114,24.79683818630513,20.773204325118787,23.462006985863784,39.76761092625799,63.671324189206516,34.59812844507115,0.8460453787975901,0.8845019869247532,0.0
1359,60.78009103116231,61.98881254249844,57.415218131378964,80.18975559195542,42.707426620649805,45.1242178270523,39.89981588510455,61.75392131045558,45.607763023493355,47.16547497446374,5.017875383043922,1.3023493360572012,0.9065372829417773
183,95.10967419304117,118.21320314990497,85.30728440558251,114.3218444172706,68.14169205539345,84.3979303693174,60.12394107670994,86.75572781236289,35.260416666666664,46.875,12.942708333333334,1.6145833333333335,3.3072916666666665
829,63.1416307868266,87.53065482239283,61.62521963953964,67.63834451930204,45.16297659320057,66.44321931318294,43.31675634578391,51.87556621617697,47.452229299363054,44.705414012738856,6.263269639065817,0.8227176220806794,0.7563694267515924
1365,61.05530958836007,104.07835642239735,56.85265063298678,89.1997086010842,40.40720190257318,76.68053601211035,37.740991374393445,63.30890142895553,51.72894236858772,41.43128562381254,5.269157694743509,0.18999366687777072,1.3806206459784673
69,57.302444240475964,71.81101800925265,53.44551828815734,73.69306406052637,40.66924439939443,48.92437178483863,38.31626490178699,52.66525659620145,48.52902889872429,45.69122624316584,4.543087737568341,0.6118198385837021,0.6248372819578235
1239,48.643744841222976,47.813932135632555,47.95822447960774,51.34463864283643,34.95815814419143,28.681963187776024,34.33398232688647,39.256049890815184,56.09054036373152,39.238518906188666,2.603689650660735,1.818657595185137,0.24859348423393957
1205,56.09233722104116,69.59095006865817,54.68264195018975,60.48713828811033,39.11157051073852,59.93376762451206,37.7282637609316,43.53242152713662,53.96026129559064,40.86826347305389,3.9466521502449647,0.7893304300489928,0.43549265106151336
791,81.8333000517332,54.18889498589311,75.75757612689664,89.6089559911415,61.01630648640724,52.668742162795134,53.27696560831717,71.64327881660671,39.48954271534917,45.01949663239986,11.237149946827365,2.9422190712513294,1.3115916341722795
1563,65.04069878376318,51.65434267333701,51.62794823166309,75.9049980908712,48.13152210125523,44.81631201882691,37.87655154430422,58.07563117741124,50.8123476848091,39.737340915245056,6.051990251827783,2.8702951529921474,0.5280259951259139
1211,81.99292874873463,80.25830252253579,78.30448352843146,89.48720677543308,58.215636673120194,52.696482928249296,54.40977170216488,66.64255832028677,42.848004094165816,42.15711361310133,11.246161719549642,1.8039918116683726,1.9447287615148412
1013,67.76794492260738,96.86831759256064,61.17670803742541,82.06419297203588,47.3936140085424,72.64860020525515,41.62574736215215,62.24769254298914,48.80114672921553,41.386499869689864,6.945530362262184,1.342194422726088,1.5246286161063332
550,65.96146271888648,95.03071051486376,62.985773249993194,73.47733304633803,49.926370926582734,71.66473659758242,46.975175794724855,58.67575676123134,39.492517891997394,52.726089785296026,6.206896551724138,0.9108653220559532,0.6636304489264802
591,82.00287513800674,120.71003319761603,76.88251133828933,94.61267076010628,55.386912665603035,86.0087778519879,51.5722533390337,67.73758805678952,40.35402770651616,45.920985120574656,9.068753206772703,2.4499743458183683,2.2062596203181117
1039,69.08898086355754,59.19775064359216,64.46046031589636,73.49071083377832,49.28783827127225,48.26899867346706,43.858403492329145,54.437305664105935,53.13682013825486,35.73757662710317,7.773575061953827,2.6477109690883007,0.7043172035998435
988,51.00778393599003,73.20008378786373,48.45911173320559,72.82002914868053,35.46286925918912,49.41282394785041,33.55318556005637,59.881732929899485,50.59047619047619,44.165079365079364,2.996825396825397,1.9936507936507937,0.25396825396825395
963,78.88502766476132,96.81237020619486,86.49576646837407,76.23378445376554,58.277876192481386,77.77303233017284,66.34114226602976,55.654938766276764,54.37806331964499,32.242681149821166,8.636905550404027,3.245462975228507,1.4968870049013114
80,66.50962270894222,115.3833809609132,60.920889356572026,73.00984036444765,47.63279627226514,95.15064508294296,43.04817331085703,53.51181558367665,51.658110170667406,39.55876231441654,6.549188289163313,1.1516581101706673,1.0822811155820729
43,65.9899762598833,68.59052735416951,67.42797053043664,60.351080258453386,49.25146978141306,48.663796135595774,50.554091749994825,45.23758314843978,40.657326175199685,49.29946313997643,6.128060756841692,2.8807123215922483,1.0344376063899436
354,60.022643119286464,77.9158385432147,58.600948002432574,62.37873272270946,45.065289270826504,55.19716045735811,44.73417022749606,44.81556286099695,44.24941053183128,49.04375163741158,4.0214828399266445,2.0434896515588155,0.6418653392716793
1171,61.289245901358186,74.17955516908057,57.184092798096856,77.24376797684127,43.594016196655666,53.3740369332777,40.52669993325009,57.794438969161845,45.91097308488613,46.02743271221532,5.395962732919254,1.5269151138716357,1.1387163561076603
1617,55.21803048176122,50.894882833502436,54.47640420989899,56.242260964094214,39.96972736974746,42.072776162559435,39.64265907782178,40.37923990278263,57.65169825721919,37.33621676631472,3.752703218420048,0.9159140058516727,0.3434677521943773
1603,59.22090700337811,32.619134790526935,54.177814569436194,65.85231567926459,44.32232749251477,26.761446443821622,40.23626019019791,50.250651069968804,50.382173856717195,43.03666278015287,4.44358077471175,1.3861899209742194,0.7513926674439694
1158,60.03623773399101,31.77908081096779,53.02653990871612,68.43211692120205,43.13691482045717,24.534670110636956,36.84231272686687,51.651555817113525,54.593841084780124,37.81523254340387,5.2718286655683695,1.4573564820681788,0.8617412241794449
1602,75.79283856468011,71.7157457349786,73.43144709079624,82.98440236589545,57.55704593825055,57.50006846900478,55.714681343099045,63.09216667987731,35.49655850540807,52.97935103244838,8.31858407079646,1.7895771878072761,1.415929203539823
1170,65.87224639809367,93.04810665554766,57.15274557334255,73.51543821513238,45.49205362504386,69.08080539213589,37.60669689335678,53.363467132787214,56.606433423042425,34.1919774445726,6.1002178649237475,2.4990388312187624,0.6023324362424708
1616,78.20125625020776,82.53509818945523,78.04114332203265,78.02828705543719,57.08529938763971,61.33369829298486,57.16682053941764,56.65542923991478,44.74798524791695,42.07075536128944,8.660019123070619,2.3220871465646766,2.1991531211583117
355,64.00905417835467,67.68649863202782,63.163514653636085,66.27880399783945,45.719706741881154,37.490165269244216,44.57076482525112,50.37395579469782,44.83076517845384,46.424338206242595,6.361122086131964,1.646253127880943,0.7375214012906625
433,37.1023362893311,23.83574985689553,33.01824682693397,73.24599561068734,25.16648404060405,15.237307593534249,23.303237431991253,53.603961331472306,63.230240549828174,33.8806160112002,1.0182003309151075,1.5145729922362225,0.35637011582028766
341,60.28645026615657,76.12574499817451,54.54938612489106,72.8739525990551,41.35213760447973,56.975692541202804,36.59744058404581,53.44558716692245,55.2671562420866,37.46518105849582,4.874651810584958,1.7346163585717902,0.6583945302608255
816,59.44878425734877,70.09768499476502,57.69554879978007,100.43577422384041,40.63704391127101,50.75609411537021,39.47286203091352,72.71822492812666,47.73896561061468,44.6520444083401,4.576225291091253,2.39642567018684,0.636339019767127
4,50.160522963155884,34.84348643161524,48.92980738838728,55.562113438349726,35.672324369042975,24.03568819433449,34.78864666829452,40.30396506898589,56.08628659476117,39.02927580893682,2.573189522342065,2.095531587057011,0.21571648690292758
194,64.6236893405084,56.27566481320412,61.34315954502917,80.0449984968345,48.84543378979014,43.74743221567463,46.14229193477154,63.18283234967418,37.652910337410944,54.22771877940583,5.9551014921360395,1.6937760451673611,0.47049334587982256
1400,51.22148839154626,35.71268749767787,49.228961881398185,69.16992188694088,35.09594057758107,27.961396655722403,33.54025244356635,51.038582941244954,53.59867751780264,41.759918616480164,3.585961342828077,0.5849440488301119,0.4704984740590031
95,66.92634330527547,60.6091357258923,65.60835631409138,68.14214600980837,47.794290432175046,42.38402322261392,45.07750853420186,50.131913466794636,56.38812606250817,34.131031777167514,6.2900483849875775,1.8830914083954493,1.3077023669412842
143,57.3364728938587,61.024675269201715,56.21779081647461,60.7018991472016,42.15132920074478,43.283641769163964,41.196130438819075,45.659784362512255,48.47132705337961,44.86861675756074,4.131548504379441,1.7848289538919186,0.7436787307882995
976,50.0655868583265,47.94441794769887,47.34890415671441,76.64666255896503,35.420811172150316,35.90963963782685,33.4930753694004,59.64570089790936,51.168194139666966,44.26229508196721,3.4206789725054856,0.8519426874919322,0.2968891183684007
1206,72.4561342654876,35.16606893889717,62.44968685714521,80.90952447198714,50.23724729681493,23.203645280532097,42.759024711720826,57.51154493441318,53.33785157573704,35.63198915621823,7.709251101321586,2.7787190782785496,0.5421890884445951
1010,70.01816250671162,72.13770809790375,63.01781511234757,90.18589451725755,47.00428558902477,46.110913726625355,41.970626950930345,65.51468427415,48.88710109949048,39.12577098417807,6.663984982569053,3.1912040761598286,2.131938857602574
1004,58.984922692635784,37.30642311342982,58.49428416382156,62.83853732580739,42.958124469005845,26.501695253215026,41.974856549132035,48.300351710964655,48.26967444245066,45.10381953345296,4.601384260446039,1.4867982568572162,0.53832350679313
221,43.43129386788544,32.02587452101813,38.11275463321108,49.89393820638398,31.896973331476566,25.43361570188316,27.98602179016389,37.312565377618554,64.01079136690647,33.38129496402878,1.5287769784172662,0.9892086330935251,0.08992805755395684
235,63.98378183117131,53.72562442973493,58.35462496121875,69.16304852583195,45.823659385876596,40.64991071565768,41.19844147978306,50.43624940962536,54.02020202020202,37.81818181818182,5.872053872053872,1.1313131313131313,1.1582491582491583
219,53.52180869707348,40.50138472763602,49.78817888002957,62.720117484083936,38.76000682994696,26.135575435665288,35.659688071970024,48.09011832653986,53.71338083927157,39.47743467933492,3.3095803642121933,2.78701504354711,0.7125890736342043
1000,44.78653512872867,25.34098391560711,40.651486715631584,61.97480655559566,32.154048125762486,20.72265127631443,29.683347323217014,45.002215406965256,56.27001408991931,41.07851927757141,2.126296913026771,0.16651722812860253,0.3586524913539132
1014,40.4045504453319,95.2465638748824,36.81485843000654,65.1257088470426,28.585072514991964,71.38385806594508,26.298532331502084,52.81959976437367,57.6120608426437,40.26113878045498,1.359536949791358,0.4576659038901602,0.30959752321981426
769,51.7786385425727,48.1599133722394,48.632967214822784,78.70821490146167,38.23474290818239,36.52007610937007,36.38145960258184,58.74741135212652,43.70965617178237,51.92991700698195,3.1221182979844553,0.8562771703332894,0.3820313529179291
741,45.5624876965971,39.31574140590625,44.78856129672536,53.08890041063317,32.88730357042775,30.32640964073998,32.48504513875444,37.03062191726719,52.48098515030786,43.91524809851503,2.0825787758058674,1.3219847881202462,0.199203187250996
1558,93.01816534977202,140.63029587308185,77.42839896428178,134.89987202711634,62.950148528393854,95.76933323210909,51.671845734289356,106.06113158735275,37.25041914342326,46.15150129553422,10.39475689681451,2.8044505410760556,3.3988721231519587
966,47.41998501693461,57.806317537967445,45.68089618580189,51.24898769239089,33.9527055719738,40.91143897086382,32.50115966692786,37.54620246006022,57.78913738019169,38.09584664536741,2.7731629392971247,1.1118210862619808,0.23003194888178916
796,67.75590056428526,63.10744604125846,62.638752885939724,91.76181073283846,48.30071395331865,49.453434123397294,44.529393687611595,68.73848911879826,41.34843297340005,48.55148801685541,6.821174611535423,2.3439557545430603,0.9349486436660521
1202,50.36872009058654,40.03830966874825,51.258197877576094,61.21905769172203,34.86483705031758,26.94020845436484,35.60961149640761,45.33556527664756,52.4482109227872,38.742414731115296,3.306130989746809,5.084745762711865,0.4184975936388366
85,55.84873721374614,16.15403607060557,52.73946899628442,57.73995676792468,38.452397710483766,12.421936726561885,35.05353535544317,40.61013116138322,65.45355784899512,27.566539923954377,4.236827810972297,2.2813688212927756,0.4617055947854427
1438,66.36866296539867,49.52709933210227,66.67116942234834,72.40379094531777,47.92422470147238,32.44230297995337,48.753193184965454,53.711142542600705,48.36433611289288,40.115458627325204,6.221937139191789,3.8486209108402822,1.4496472097498396
812,62.50689749407953,56.733182104565266,57.81352336315903,71.6426855912426,47.239559332244205,45.663639124606824,42.60375647455901,56.8863835792446,44.9535192563081,47.397078353253654,5.2589641434262955,1.8061088977423638,0.5843293492695883
1410,58.7708586869368,59.2260363190848,55.9928037783519,74.10182807548621,42.65793997915129,48.3114079324722,40.176440160023034,58.2800999781317,46.064784701444,47.56081696370495,5.515805906075192,0.24717054767789776,0.6114218810979576
1362,52.26716979044032,54.18150325370493,52.91601407994949,48.01102830152936,37.4153305778063,38.36167579197772,37.89185271176341,34.62209222808986,52.2213181448332,41.48087876322214,3.515052888527258,2.2620016273393,0.5207485760781122
423,51.25141498400933,74.82802045362583,50.25322234941037,53.6573281879671,37.120341976447826,55.13886855066766,36.05638809075207,41.97238679865254,50.15937778911132,45.60754813209231,3.1110544434527605,0.7777636108631901,0.3442560244804284
386,64.07206273918199,101.4646328410974,64.13091722046667,63.175210577548405,46.08536114609472,81.97618787096678,45.61132584990586,46.76557054708754,48.697214734950585,44.01232190989604,6.55884995507637,0.3593890386343217,0.3722243614426903
1606,,,,,,,,,,,,,
1161,76.52269375249047,65.38448849253703,71.36409075346691,106.23205523250623,54.89504102280714,51.45265836455699,50.55629494192286,82.94329934948932,39.034593724859214,46.79002413515688,9.477071600965406,3.1536604987932417,1.5446500402252614
393,51.128479700746944,44.525761610472784,51.070403443954284,62.74336026127887,36.73713530097252,30.932705989689847,36.875712463981486,44.3449815336586,44.39386056191467,49.323621227887614,3.043704474505723,2.9266389177939645,0.31217481789802287
1149,94.20815816968017,102.79395926092872,94.18084689239905,93.42816504745849,64.80626293436602,65.42866562790795,63.26843416622167,65.88920834021515,50.480364065396934,32.681611326479015,11.410753413113097,3.6406539693241196,1.7866172256868362
436,60.82069730702112,105.26303293985345,57.17548009339549,77.7531826879942,41.80710331343191,75.21227865507328,39.37977711449612,57.426806377443874,48.43308502440277,44.875417415874644,4.636527099922938,1.3228872334960184,0.7320832263036219
422,54.626203300569095,38.86586630208798,54.464458931086,65.322667752641,38.80996015395437,32.01664683236674,38.38637681947173,51.172506404586976,46.53543307086614,47.48031496062992,4.015748031496063,1.7322834645669292,0.23622047244094488
378,52.090669007289144,61.37792575623486,50.29892273449667,59.19225520884079,36.47280457549482,45.7255467161177,35.19224429561031,41.922169971392556,54.13217878517764,40.62141856615306,4.202215713739972,0.5730294155099962,0.4711575194193302
191,63.61739606802311,68.48741862200905,61.175988993000686,76.33706137342607,44.40744886705755,53.40052578986689,42.33545924375705,55.804550157450905,46.67201283079391,45.442395081529,5.653568564554932,1.36327185244587,0.8687516706762898
1363,62.311678380919126,63.96490783609424,59.7291071571999,66.90309327222519,43.975868353029355,38.663280739902056,40.118874750541096,51.9862677062374,52.5296442687747,39.104084321475625,5.968379446640316,1.8972332015810278,0.5006587615283268
1377,58.64255497214277,48.28421871307146,57.209016474853044,64.65019582073332,43.25341301463753,32.272635915339336,41.53401724411795,50.85034132859319,44.90794386507017,47.972190034762455,4.918243852195184,1.8153727307840866,0.3862495171881035
1439,83.92255610392644,88.45785716514006,74.0703548491064,95.30031098006761,58.33580056797106,56.64842535506235,48.76736364145714,71.14959081574162,46.265588598053995,39.56420446758942,9.099629984925311,2.5626969987666164,2.5078799506646567
1,86.17263015877978,90.21154903408224,85.83606894287811,86.4427013857175,58.47802816941776,49.65752074587302,57.17429601795788,61.4196155971953,46.97674418604651,37.7906976744186,10.904392764857882,2.144702842377261,2.1834625322997416
152,74.53233087206287,102.18764350232814,69.40844229099577,106.71614492455384,53.68941026968315,73.54815151598022,49.914072722323375,84.50426829234506,36.473151352044084,52.32602845059593,8.778674868640266,0.7433038574907087,1.6788414712290145
620,79.65242380781022,143.13891986185018,74.50124611546168,92.8938478724579,57.60680887742524,115.409943276363,53.567926219869676,72.57674389726454,35.151125401929264,52.09003215434084,9.427652733118972,1.1189710610932475,2.212218649517685
608,58.99591035791326,53.29545249915117,55.9218869810211,80.27307311984376,42.16583310421287,41.29608412457618,39.34188050061851,65.08446913961168,44.799490770210056,48.54232972628898,4.964990451941439,1.2476129853596436,0.4455760661998727
84,60.325820899302805,91.8194396401574,58.145634268434684,65.86904922032805,43.53169286017277,66.75607694717807,41.63195496711489,50.63761470633886,45.86724313326551,47.17700915564598,5.289928789420142,1.131739572736521,0.5340793489318413
1203,40.38566044212483,22.94710675444395,39.18846148875086,56.24571683974423,29.766417733174563,19.619108534584353,28.79781263464248,45.30196735159203,53.56347438752784,45.1373422420193,1.1692650334075725,0.12991833704528583,0.0
1559,80.91194751248989,87.3536655305875,79.24626979749829,83.93616566204682,60.25432182997755,64.10038860619285,58.709193954669544,64.15555682523274,35.76548165137615,50.17201834862385,9.002293577981652,3.4403669724770642,1.6198394495412844
740,59.01688439881494,44.95495727382239,52.56055221302349,66.74220913916518,40.82030137651329,26.72763439248417,34.828145024627005,48.92630604135163,59.02121134679275,34.449271658573984,4.600051111679019,1.4566828520316892,0.4727830309225658
1015,33.47443497489498,51.841609184637356,32.97497547037039,35.71806031766174,23.041644004435785,45.008039590534786,22.227123179896175,27.797826359175545,71.71978644232325,26.98592460766866,0.6471444750040446,0.6471444750040446,0.0
556,49.83078127188245,29.945138906990298,47.65285171719945,54.955336510222004,36.78165226915983,22.439584154078247,34.80495384680896,41.74144679326978,55.99224305106658,39.49579831932773,2.650290885585003,1.6031027795733677,0.25856496444731736
226,32.03196535420266,39.660652648730135,29.49304944320804,43.49276474345545,22.214829012563815,29.371556835596536,20.527330693785885,31.500524281657675,70.98345941787409,27.772791383510707,0.5641748942172073,0.6411078343377355,0.03846647006026414
583,41.962137779108566,47.99846436011882,40.99570369202442,45.16182585824011,29.806812177354963,36.94218810868713,29.04045762848469,32.369729781086875,61.85809486475892,35.99895465830393,1.3066771200836274,0.6925388736443225,0.14373448320919902
742,62.81261111749121,71.68677504226387,60.23829620182539,69.26686213120777,46.91946515615001,58.87222728756166,44.63337232770854,52.57136865008774,43.54134165366615,49.23556942277691,4.2433697347893915,2.293291731669267,0.6864274570982839
756,67.01943156999172,53.33871549785598,65.14923348613142,79.3749050687064,48.51123920051258,37.225896379035056,46.505637715113174,62.406532188812974,40.64171122994652,48.63636363636364,6.8048128342246,2.874331550802139,1.0427807486631016
965,66.39848604203665,100.74162836294472,61.814077401316986,81.01246940443764,47.11539735857292,79.1965447276982,42.533390005125035,64.13699996727917,45.200051131279565,46.33772210149559,6.7109804422855674,1.0865396906557587,0.664706634283523
971,44.28689171672483,64.25445133934144,42.1397774152183,60.14876478995266,28.74868028717513,46.269169685804826,26.851664043800803,46.562897598211045,61.42506142506142,35.54894607526187,1.9526703737230053,0.9310746152851416,0.1422475106685633
781,57.20019690832815,47.90118379052318,54.86640266566937,65.23276181502297,40.1243768228635,33.46668275627804,37.80049082750297,48.71131803122838,50.56137252428409,43.812287119969724,3.670997855430806,1.3119717421470922,0.6433707581682856
1567,97.5538061797626,130.83903019766052,96.42300507977826,74.64971749941071,70.05625005229817,104.28106306455102,69.96071369804528,49.212509204315225,37.41144414168937,43.13351498637602,10.449591280653951,4.114441416893733,4.891008174386921
1201,48.81236486811745,57.782466001960785,47.69276288469183,57.65591939892964,35.4334593291738,44.804243613608094,34.30065197599811,45.456865513470234,50.43256997455471,46.030534351145036,2.659033078880407,0.8015267175572519,0.07633587786259542
144,53.47269297262052,55.683626934020054,50.63463290443769,60.07931264614455,37.412417119918494,43.25678269040248,35.27695498234529,42.783235541347246,57.11009174311926,37.547220723151646,3.953049109552078,0.715056664867782,0.6745817593092283
811,36.424979235392755,59.66386196707193,35.28609023569609,77.85063797297548,23.90443740735502,47.89728003074528,23.26853466856951,60.35710737316793,65.34465281297517,33.058793715154586,1.444500760263558,0.05068423720223011,0.10136847440446022
1361,55.5473978039471,52.580213314345215,54.52987516720218,63.74719032070683,40.044060298197515,36.845469517194815,39.601456203688045,45.59251873064122,46.93957624901909,44.101490975673556,3.688202981951347,4.865289040020926,0.4054407533350772
187,66.25721373584723,54.15256895963695,64.16121183632818,70.31034451293196,48.38659221619397,39.6055449255223,46.28340605283154,52.432951621191386,48.114051911520264,43.21697992584069,5.766526019690577,1.9434854877892853,0.9589566551591868
839,62.063752120719684,62.443596684195626,58.05662573947158,75.46423080760401,45.61104295682106,49.1372904464631,41.839466063077374,59.81568422537109,45.35650850038061,46.790154783049985,5.9756407003298655,1.2560263892413093,0.6216696269982238
352,57.24935452432526,53.00708389453702,59.02722964372862,49.45853148903122,42.585816185622015,38.62553677058521,44.08868633813,37.26491035205745,43.3452051180583,46.603350481466826,3.706635008574067,5.645693180319219,0.6991162115815855
434,56.696938274715436,53.376705030987,53.256725061318036,76.26093190170539,41.360073560796465,37.66878059085577,38.649202755328346,60.19209982983757,46.061839928744114,47.5505789540654,4.58073546252704,1.3233235780633668,0.4835220766000763
1163,62.35870434188425,73.46910190756427,60.15528435167079,74.55840021542336,43.82909542109652,59.041821028514164,41.544753987500854,57.63864612276701,46.758846268212906,45.970859351769256,5.367231638418079,1.0853404698186142,0.8177222717811479
1611,62.33759839880057,87.10843334170272,60.55022097772579,92.52746048104468,44.54937492567538,69.43263066924227,43.040699574768276,76.93310283502021,41.34665965281431,50.86796422935297,6.207259337190952,0.9644046992810802,0.6137120813606874
385,68.78991035570438,96.12635435610397,62.0670286844117,95.01681008277147,48.58256983528985,67.60326553274113,43.38415364072405,74.57500377482766,43.754828740664436,46.4718001545197,7.004893123873295,1.3391707442698944,1.4293072366726758
384,75.60632576748903,42.34644406409661,66.52897990021908,83.67486712836252,54.32792386298765,27.30048741376881,47.87288966381736,61.427881746782056,50.97305389221557,35.40419161676647,7.79940119760479,3.488023952095808,2.3353293413173652
1604,60.50046845893344,50.92528849788442,54.345304229874124,79.67152791346628,42.68940440414166,35.47300702359812,38.0882290974485,60.223899396686846,49.28947368421053,42.35526315789473,5.671052631578948,2.2105263157894735,0.4736842105263158
390,47.20422257264894,40.88780838590734,46.24253247419452,57.69674265033982,34.92869125132529,28.291913285334665,34.412174329297876,43.5316428540562,49.44077275038129,45.70411794611083,2.1225216065073713,2.55465175394001,0.1779359430604982
1638,58.20519684398407,48.4096949184503,54.98467457831179,65.65500779291764,42.391074474841396,34.36931155294306,40.289602316945555,47.80298606813991,49.38749194068343,44.551901998710505,4.25531914893617,1.0702772404900065,0.7350096711798839
421,66.11166546123482,83.59405925769762,63.344182482075425,75.51822078236201,46.67817273256135,66.7214456855336,43.63932265451343,58.200286954436216,44.92614879649891,46.07494529540481,6.632932166301969,1.4907002188183809,0.87527352297593
435,67.2725612372856,73.51002744762832,65.98457889798573,70.94505557167427,48.450395178880925,53.00120776164015,47.08682047051367,53.006486567453145,44.49863721130398,46.334815664897434,6.4409697317458035,1.7501075885812654,0.9754698034715249
1412,59.15711666581137,61.358544208839476,55.57772907896853,74.90571505996184,42.68505547698262,44.36466096467842,39.31960578479502,60.07838767717998,44.671922685656156,48.43591047812818,5.010172939979654,1.449643947100712,0.4323499491353001
838,61.89066086338276,63.40343007036088,58.537083772211176,77.27536733686051,44.00766134077585,44.82761995554229,41.129693379971194,59.42549946666923,45.0765575501584,47.01689545934531,5.438225976768743,1.7159450897571278,0.752375923970433
78,67.38624164933958,55.46874832923782,57.977043230558216,78.66463038950191,49.90448022855526,40.75266131267583,40.927861748237724,62.4110626036628,46.68215853343661,43.932352181771236,6.27420604182804,1.8461141234185388,1.2651691195455719
1406,53.75226997383645,67.85556302597215,50.69456296688715,66.53517168829697,37.58394638896689,48.97588942946416,35.62036377699739,46.588080870824626,49.832192240569206,44.04618069539536,3.1816351188078933,2.429856356557927,0.51013558866962
1348,93.84408888517024,138.8243308124809,97.9333395106751,88.7950848784747,64.48810434944117,108.8602378079084,69.29373191757104,59.54490411215947,51.299038711353596,32.56690049363471,11.236684853208626,2.4162120031176926,2.481163938685373
50,27.502508347996955,33.18788624112951,27.370407927650753,68.58055286050575,19.68127126186703,25.451121667434517,19.593061897088628,61.426931815242824,65.96837410460873,33.42343559940532,0.17569941884038384,0.4324908771455602,0.0
145,76.56657695396329,51.1955452179653,64.47985148139445,82.92178451958635,53.917534860825704,44.36742299155386,42.60323326808832,60.60984382922736,54.17261518494484,32.31667748215445,8.26735885788449,3.5301752109020117,1.7131732641142114
1566,41.84545712239435,50.09666585356588,40.437593647979234,63.18962253785882,29.8786069522767,34.40250058330796,28.995046053012004,47.58371525335236,55.061983471074385,42.12293388429752,1.820764462809917,0.8006198347107437,0.19369834710743802
958,45.25834379654033,57.13959125423278,42.714606595947295,55.558623483061716,31.65442717525851,40.13526438869889,29.810126436801596,40.290134761776876,59.197140500412424,37.58592246356888,2.1721198790211713,0.6323893318669233,0.41242782513060217
970,48.52922737816697,109.2821382360856,45.33615777144687,56.363651330296115,35.091113942315836,95.72536579413936,32.807382056447665,41.44108771935217,56.6734850421887,39.87471234978266,2.7358731782152903,0.4985937100485809,0.21733571976476604
1016,66.6279556317363,55.365055434522866,58.056031149974956,91.76899815108683,45.92008736216139,37.979182893710046,40.17928973277326,67.36245177613355,46.62965900079302,44.21094369547978,6.278086174993391,1.704996034892942,1.176315093840867
227,53.018563122544776,69.45501643193903,53.5198588182602,51.28250512013266,36.96664346736636,53.20884421825825,37.617325169911105,34.999883787853165,57.06331736371876,37.860934869869226,4.013984203029911,0.6862618153567267,0.3755017480253787
532,78.48558593533528,59.07646505948524,71.50279613118505,107.14281410581377,56.52584401361065,42.25737871325237,51.40417533272025,82.73240541315396,35.697823303457106,51.11395646606914,9.551856594110115,1.5364916773367476,2.0998719590268884
254,41.32301803195081,37.10242592278389,41.645555092553536,41.73257649635419,31.203369032934923,26.99916548673558,31.538287282034425,39.84943143636586,44.410198935275986,51.06472401232839,0.7985430092462874,3.726534043149342,0.0
1717,46.28504728057984,46.53050734410251,45.8028329438544,72.01186000717047,32.63974583804412,35.08283856681132,32.094140046827896,58.07215624029333,49.345582683111,44.450037754845205,2.454064938333753,3.5237855524792345,0.22652907123080793
1273,42.85879785659848,105.39981377012032,40.779920244041605,65.79044353006059,29.007619398140918,82.20380840462839,27.7913674029335,50.97756293414414,57.91276848069574,39.675846620108054,1.3967584662010806,0.6061404664646198,0.4084859665305047
1501,65.59178887393644,76.85608401646277,66.1728658522518,60.930594368114654,45.1736926879081,51.048594175489015,45.05983403734231,44.057878179584606,50.14573213046496,40.902151283830676,5.2185981956974326,2.34559333795975,1.3879250520471893
888,66.96408153756128,60.10479666456646,59.21504117434746,78.41440181140928,46.622491915636765,44.40012709586349,40.31797762907392,56.93412039765849,52.76145710928319,37.30251991121556,6.267136701919311,2.781041911476694,0.8878443661052356
678,44.26388963418714,41.75397753508882,44.39510467541713,44.0627441990712,32.11609133820259,30.96614999776105,32.03398915529561,32.90924239666859,56.013478486262315,40.87610160705029,2.086573354069466,0.8942457231726283,0.12960082944530846
1307,79.83148007566386,79.20113249430953,76.2490697424145,84.97299924185629,58.64905092825115,52.09178511968975,56.46681535872479,63.26097774196863,41.471131030846294,43.10572106511996,9.438439230160823,4.033746374901134,1.9509622989717903
37,60.800837765883394,61.25663152125998,60.59391412401379,62.593434913324465,42.06056895307976,47.66249678109602,41.70303959101802,41.17110062198639,47.20167480809491,43.712491277041174,5.17794836008374,3.2519190509420794,0.6559665038381018
334,70.56606932366773,99.21649951559117,62.870052756127684,89.99090953629316,51.8311212459913,72.7503546481668,45.3542199830519,71.97136917516664,38.991729027176056,50.807404489956674,7.378232900091899,1.7460942628331362,1.0765393199422344
446,62.703054892123,41.55918016281035,58.41751939078169,69.08905409118866,43.92593906129459,26.83459660090886,39.74732143920074,50.68685906890941,53.42406876790831,38.48137535816619,5.630372492836677,1.5902578796561606,0.8739255014326647
320,52.83887093502212,50.18495000063931,50.990526584889,59.58512183573295,39.814523118317844,35.507068949038306,38.19463611541291,46.26594486735571,46.52420185375901,49.20185375901133,3.733264675592173,0.33470648815653964,0.20597322348094746
308,38.21734362627995,40.80498538617948,37.29158337368792,45.39698597242773,27.410998733902385,29.66986824045952,26.609445707603168,34.36904779767082,57.71812080536913,39.14988814317674,1.0922489801289643,1.9607843137254901,0.07895775759968417
491,70.49712327981553,55.01112832648779,71.38101253135245,71.34474592968395,49.194331845150344,37.831922435170654,49.106391128105706,51.01786025442397,51.70222423967318,36.84369798759268,7.262823422605538,3.1472234831290664,1.0440308669995462
1139,53.85737451679952,43.25087200602932,52.97759198112138,58.08101600144978,39.94759885804452,34.70472597120735,39.06761038373774,43.62141542610766,49.589041095890416,45.06849315068493,3.268101761252446,1.8395303326810175,0.23483365949119372
1138,47.304993741551314,89.26273163277163,43.5664020459415,54.308469298110005,34.252297768681416,70.1390669851935,31.33553129434319,40.81694624233433,58.93428973997694,37.68412962725759,2.510567439477392,0.5892148072242859,0.28179838606378893
484,35.029150430035884,43.12401426220745,32.71378013977066,46.4058969747716,23.31635556730981,25.602865899021563,21.922567058557643,32.63616749471491,68.57101741257735,29.032954381925457,0.9497769463232119,1.2591739818678946,0.1870772773060872
1110,56.72535454742904,74.20755158840244,53.05775030591731,70.90909362930304,41.124852605740664,52.93697377134646,38.11541324834564,56.103525842725105,47.44897959183674,46.28088077336198,4.175617615467239,1.758861439312567,0.33566058002148225
1689,56.08546340756734,62.23104883253944,54.80600969665565,57.64576250337031,38.5851221417238,42.74252182812217,37.14793475537248,40.46661533460076,59.91571957604393,34.056953134976375,4.303409526241859,0.893883284382582,0.8300344783552547
453,72.06086453459778,103.28466131690139,70.34162838288121,75.7698666237968,48.56315103027487,68.66763987566742,46.652003402006336,54.396521425388634,47.241711377080755,43.18338148301004,7.181180354931903,1.1555922410235244,1.2381345439537763
862,69.99169371948811,36.44402318476301,62.84888098138631,79.30554531397063,50.87186470016802,27.671520720893483,43.733124445204346,61.16863149480056,47.885888945491594,39.76057055527254,8.074375955170657,2.381558838512481,1.8976057055527253
1312,59.214037270247346,67.4103154597067,55.51547513661218,81.55564492703903,39.70424388516105,58.72529526176189,36.46390541631948,62.68419114929299,55.91045201768144,36.57493226864395,5.703693141308998,1.040923998288892,0.7699985740767147
692,62.21329852421464,66.8233054782573,55.60814238475221,85.11663652458944,44.63465961407554,39.96349994315925,40.48897250544418,63.160933265108646,44.00103990640842,49.3825555699987,4.731574158325751,0.8059274665280124,1.0789028987391136
889,54.45780377137732,,48.18177606618753,56.730392285083084,38.4695682486187,,32.27573000776356,40.899195403871275,68.75,26.091269841269842,3.6210317460317465,1.3888888888888888,0.1488095238095238
137,56.029930666165534,68.38532485345792,54.81611702096509,70.0982279357341,39.48466519063451,45.33276062290351,38.61801692519689,59.62342340014495,44.24062138489506,49.2150057841679,4.1646008924144775,1.768302759874401,0.6114691786481574
1528,53.79989356400223,64.20419391828688,50.54929515423651,58.54873598934212,35.97505677466622,32.51113600717208,33.58879644396864,41.55414129711355,60.96958669092799,33.38965427605927,3.4182479854432026,1.4816740317130233,0.7408370158565116
1500,45.8265131618497,68.60586539141191,43.85161458828587,77.93733358616207,30.004837729615055,48.27613455749268,28.449157941044856,67.99068928616114,58.09389430477167,37.83991790661878,2.642380708055413,1.0903027193432528,0.33350436121087734
1266,63.7319825792677,57.79691015870776,53.48884905518552,76.83517761719366,44.24112400725152,44.88627993870547,36.66513993790033,55.751743995503304,54.85901639344263,36.183606557377054,6.190163934426229,1.6262295081967213,1.140983606557377
255,31.06893685843982,48.28465175989602,30.69038546151295,39.68171649631526,21.73004458677845,32.686891165139336,21.458571967432302,34.562560328162974,64.73829201101928,33.994490358126725,0.6198347107438017,0.6060606060606061,0.04132231404958678
531,64.03102936197227,78.76307265280091,57.30256553216632,77.45823577770535,46.81455983258651,59.862061733520626,40.83952980779048,60.88184482993019,45.46747704642441,46.25630415104099,5.767489978016293,1.71990171990172,0.7888271046165783
1072,64.4947077463071,57.104729161102114,62.49035887204188,76.88156661125949,45.818465075862115,43.12553810844116,43.8617780712184,57.68308663016771,42.53092293054234,48.7970640206606,5.369036291966834,2.4194644556204974,0.8835123012097321
1714,64.86548318747661,69.72613912279823,58.643145514793794,71.73868434586812,48.96562358393739,53.07801385288775,43.02596938078327,56.24268338612324,47.46997188857654,44.08382315359059,5.916176846409405,1.6100178890876566,0.9200102223358037
733,60.65629693283949,64.52158444569632,60.60660710063441,57.590276795090965,44.54090975354409,46.35535080279762,44.450707894854744,43.53047309277924,43.14144517163083,47.0548951515961,4.087084279417658,4.794977961800454,0.9215974355549619
900,42.34242541805495,53.33148346538279,41.507595459350505,33.79511455312459,30.16642904787583,34.392374233945844,29.871453426799533,28.57396688590626,49.427043544690605,46.06569900687548,1.400560224089636,2.813852813852814,0.2928444104914693
653,51.701918601776356,74.70093759619945,50.12590565448388,56.39039457650534,36.24051736866008,43.695769357997506,35.896807553434286,36.82524994870597,49.5166879445559,45.39485683020244,3.0457778588364035,1.750866314061645,0.2918110523436075
1476,46.20648154457284,62.36228681485761,44.154291816552934,55.32056111035454,32.640453456429256,45.8810536300937,30.7620790849509,43.063592809537006,55.89679043423536,40.41535556954059,2.026431718061674,1.3215859030837005,0.3398363750786658
1462,84.17640122352773,110.44310570930658,80.43920968909703,90.8978884926354,63.23665102838214,78.95136333247741,59.48212991978004,72.5446776180138,32.544532570536994,51.98283708230399,11.168898712781171,2.249382395007151,2.0543492393706932
1304,59.69159035683403,38.05744538376445,55.75673327544226,69.73936622482739,41.90995905296086,28.18449287307628,38.36255607472295,51.96254764562139,50.8823156023867,42.13533070966104,5.357369556937921,0.8124920655071729,0.8124920655071729
34,52.90505553023429,88.63047962665082,52.25574196324034,49.31063099705586,36.331470524574065,74.43620588719452,35.304651707872004,36.02910883123284,55.850128499932374,38.942242661977545,3.1381036115244147,1.7448938184769378,0.3246314080887326
1338,69.92451698001577,61.666174213615825,61.611818522578936,92.64743414649672,49.673692514780896,51.84191344391361,43.07479097219116,71.69178796495873,44.85163581029673,45.25741820948516,7.113872685772255,0.951052498097895,1.8260207963479584
323,,,,,,,,,,,,,
479,40.427576396898665,83.66063507929049,39.52299994270822,39.39763888774515,29.068059151132235,66.24472231085332,28.271442132418642,31.4652089896361,58.89014722536806,39.1845979614949,1.0192525481313703,0.7424185227129734,0.16358374229268904
1112,92.2978577357665,75.72626114395476,91.69959448138691,107.74792880934898,61.17670704829308,46.47670227834114,59.72280883072196,82.10828033068346,41.44083107497742,41.32791327913279,10.433604336043361,4.62962962962963,2.168021680216802
486,50.538371876614576,43.79496310762889,46.960570966372,97.07000085240627,34.34160948110913,36.27889493887425,31.715287474854833,85.820396827991,53.304078471863704,42.38513164687661,3.6654620547237995,0.2452245740836345,0.40010325245224576
1660,52.24056629056682,89.23872328788741,49.868593156885346,76.30005180775343,36.89895830808345,65.83600329221282,35.26237241747093,63.91492889123458,47.90223006173618,47.108479274284996,3.200201587501575,1.133929696358826,0.6551593801184327
1649,64.48943472801936,73.05854503865014,62.55820519976652,74.88968200267408,46.10340091018069,42.55944843065346,44.83987804034084,58.31801530696963,42.351351351351354,48.58108108108108,6.45945945945946,1.5540540540540542,1.054054054054054
1107,43.499645786749056,65.61772491977668,41.82158134750474,53.714327519733196,31.650184304346435,40.54958939171355,30.391266940586643,42.03578485103826,56.06522603738565,41.37611030094127,1.8560254540633698,0.5568076362190111,0.14583057139069336
336,64.04948474828987,60.97248021970236,61.375908162544384,88.8856887242485,42.425192372035184,39.99875395248401,40.099126219565655,68.67130934334187,49.4212380473075,41.88475088072471,6.190236537493709,1.6482133870156013,0.8555611474584801
1339,70.70810356555482,81.31127814227631,65.87823365611685,76.45690275243965,51.71909608267152,65.57236580704331,46.2032249186818,58.78663156252779,47.48567791215786,41.52768936982814,7.600254614894972,2.253341820496499,1.1330362826225335
1305,65.55346172829589,53.55104707993056,57.91337805122045,78.43458692289357,46.095944634591476,31.534217796536844,39.24645953603143,60.15420923390324,51.20443127656834,38.82519644467345,6.311992786293959,2.6922581476233414,0.966121344840912
1311,59.2753144956341,49.16979259214227,60.656404322045454,55.82120566597895,43.134212643493015,34.03901190790885,43.85102287772364,42.82624647254175,44.32314410480349,48.96288209606987,4.271288209606987,2.060589519650655,0.38209606986899564
652,55.80302319744349,60.23928974885212,54.181315537389736,66.65218737857897,38.94538635916931,50.33248267717825,37.17316862909506,51.92763098220123,52.46296061795619,41.876662023553244,4.799290869950614,0.37989109788527287,0.481195390654679
646,52.65001273022365,52.06355865982971,51.98886176952043,63.23645047124396,37.71524373061316,37.19958616373918,36.96678931424514,50.87045054107811,43.828238719068416,50.55312954876273,3.304221251819505,1.9941775836972344,0.32023289665211063
1517,45.42229925577696,25.98535850289374,44.34654202330652,51.48814874965659,32.79857240485778,21.640437541557862,31.713338931299095,39.34888671733747,56.79813181110534,40.30877010897769,2.6206538661131296,0.12973533990659056,0.1427088738972496
1271,78.85802660828651,104.2887513322186,83.46328478033496,70.40416473583419,55.76095193260401,74.87389718565606,58.618906552271945,50.80496465953281,48.42941844329507,39.13208023211808,7.997981581935158,2.914091081115176,1.5264286615365208
1265,58.25958728853335,42.01698867317251,54.23283658693982,72.36555303047567,41.904086585089644,29.523804338193017,39.27931638869349,53.276372671378084,49.21444321940463,43.46747519294377,4.299889746416759,2.246416758544653,0.7717750826901874
1503,61.21835686577152,66.2012536683825,61.96010821403095,58.82884169964182,45.57042648941122,53.559019284159206,45.85902748631166,44.144681809571786,47.34615384615385,45.26923076923077,5.371794871794871,1.4102564102564104,0.6025641025641025
295,58.39617723071268,60.07864455455478,53.771440085721046,75.18264635671711,42.581534862002265,34.040721901101115,39.081132298579945,58.46224493158433,45.06988564167725,48.48792884371029,4.993646759847522,0.9275730622617535,0.5209656925031767
1067,37.74906577188922,36.91840074625998,37.10019641428862,68.664606551948,27.000210661866127,27.77788078101878,26.54407691133956,57.64921268652298,57.361691353335864,41.144448664387895,1.278642866185593,0.1772376250158248,0.0379794910748196
256,69.78875120201667,115.17439594752705,65.85026449039046,90.6758466356207,50.022094692777806,77.58480237992532,47.116695088462784,72.24312042675541,38.616384252771056,51.165753599184605,7.707988278761626,1.261307172888266,1.248566696394445
252,62.253903693028256,95.61397128583552,58.155732934123854,96.2439685987308,42.50699398480752,67.80761673587071,39.8136500895793,72.9327061824347,42.981265272875376,50.40727667662232,4.710833559598154,1.0589193592180288,0.8417051316861255
1711,76.17243002089813,136.2040498326345,76.38377179657473,72.18525921324537,50.97340438284532,106.22071150502465,49.5493855198472,50.29968912388234,55.07966857871256,33.945188017845766,8.107074569789676,1.7080943275971958,1.1599745060548121
1077,61.40053902641576,71.38059489842665,58.780850784057414,67.780929020536,45.915277362697445,57.8572820877667,43.07187733111999,53.35997487355051,44.55407483341876,47.93695540748334,5.84315735520246,0.9610456176319835,0.7047667862634547
911,92.48285327886357,104.26029109840174,80.66432019292941,118.60292866079584,65.98248340468126,72.1479545463515,57.30247936985809,89.64414464501058,34.32727272727273,49.4,11.036363636363635,2.9818181818181815,2.2545454545454544
905,48.69143903402213,65.02925054284131,44.890399083260675,60.42036320514339,34.50107889261863,43.1200135381297,31.57936647229873,45.531751416292884,55.41779671961772,40.59150200180808,2.7121270825261523,0.8652976882345345,0.41327650781350894
1249,61.05270308152267,70.32579564991586,59.71643859323085,61.675355207386055,42.32779483946712,49.51736803279892,40.539657866542335,43.36544998609156,61.55373213340391,31.259925886712548,4.3012175754367385,1.9322392800423507,0.9528851244044468
1507,53.56496486983842,82.47945378597765,50.39097188078425,64.265336065219,38.5089054110803,62.859880958225716,35.95772546626203,48.46379292106304,52.37129089525742,42.63251331473497,3.8168906923662185,0.6974384986051231,0.48186659903626683
1261,62.07165447296045,84.3785395451041,55.62001872774596,68.73540440594107,44.228233387100474,67.45026848468736,37.64240547731009,51.884435828779196,55.84915341200616,36.35197537198563,5.413032324268856,1.2698819907644945,1.115956900974859
1329,67.63513627966452,79.79336304117602,62.493593779172016,76.77289483333195,46.22791238975369,54.733422165644726,41.99646775213298,55.63726007679852,49.83970077477959,39.340101522842644,6.4386855463531925,3.286134117018434,1.0953780390061447
25,49.19727857349212,87.76316052397209,47.23097183445245,49.883080068463734,36.58512305981454,81.00009890709205,35.5483580068665,36.95093252244011,67.63754045307444,28.236245954692556,2.4002157497303127,1.4158576051779936,0.31014023732470336
865,72.46814094205406,95.36782301583378,70.05461193560934,73.21410743818423,52.635747961557854,63.511310496607564,51.06809901788134,53.74355712784042,45.36946773250146,43.907194384870344,6.6289725092610645,2.3591343341782025,1.7352310391889256
695,49.210273633752664,49.279151851697236,47.78865835506491,54.109159624929006,34.82440099568402,32.30991371159776,33.473521629819835,40.25168792106605,55.6561663053182,39.650554776176506,2.6654763423032777,1.670705267185308,0.35709730901670705
468,36.476853599148846,27.600639831149874,33.89707492704837,50.95822676036807,26.42006518364356,18.81866116601977,24.675220924883543,39.47721299968271,62.69548409769812,35.283781409242664,0.790722192936215,1.1245826743981726,0.10542962572482868
483,51.54741445478942,57.35867033556891,49.80907634217259,57.99444446625197,36.48485727828617,38.361591353469564,34.82520223011847,43.63227788321275,52.10193857547375,42.561533434981484,3.8771509475059895,1.1108690917011543,0.3485079503376171
1103,66.0034249027874,93.44897484859814,61.680058087137056,82.35886545410929,47.10157987298147,65.38715052873994,43.59077485972739,63.6601115970592,42.7170311464546,48.56196156394964,6.242544731610338,1.1530815109343937,1.325381047051027
482,106.10561556355485,175.92328479013108,97.00632886596479,117.93223058171436,76.65363754437219,137.34169516334347,68.59694842451701,90.21500411503737,33.64229765013055,44.67362924281984,15.078328981723239,2.5326370757180157,4.073107049608355
1658,41.64121310797818,25.02928870867833,41.8644956194679,43.222273819357554,29.860772748069866,18.372624396280198,29.755116548674838,33.22127744011374,57.34723893568658,39.9117529081428,1.5108971787672147,1.1899986629228505,0.04011231448054552
455,53.216198942456735,66.23198338653657,51.801663124080314,54.759667948542415,38.64717168103787,49.84840725549619,37.42267196275908,41.2819665530561,48.333333333333336,45.243589743589745,2.9615384615384617,2.9871794871794872,0.4743589743589744
469,71.30891788884607,81.34912596159572,70.85818959646737,70.24484481659907,50.23345492700482,55.267312816862905,48.81463815583069,54.617725921293086,43.99141630901288,46.08781776163751,6.965995378012544,1.6672169032684054,1.2875536480686696
18,60.34883291739108,83.65327930582569,56.5328201909918,71.99289042530232,44.70014144802642,67.92912981087643,40.953078014732114,58.00277867018874,43.139240506329116,49.62025316455696,5.708860759493671,0.9620253164556962,0.569620253164557
870,58.36696779641764,50.87900209517845,51.16317324853701,74.28699491411906,42.34090998679295,40.728705124571746,36.517004768265316,57.771921465119085,50.2472422974515,42.80461518955243,5.071636870800051,1.2805883098770128,0.595917332319006
24,69.80932986224906,55.972570883755395,69.32731456184884,77.35019543761605,52.15100055037939,42.061711629105055,51.610714265004745,59.42975206213736,37.639931515869876,50.04609508758067,8.257605689450811,3.2793362307388385,0.7770314763598051
1328,84.29950602718363,128.23812245728854,76.08489786604947,97.13097704484146,60.6118409004686,97.03960729949712,53.547959036938614,73.59072464958257,39.12133891213389,46.50889121338912,10.211820083682008,2.2228033472803346,1.9351464435146442
1248,47.138914364503655,49.1193589009975,44.8630164312657,55.57923313663703,33.94617399755427,33.06719086347829,32.035310508383034,42.117913975858905,55.70969379123668,40.72069023853832,2.283877516494671,0.7951277279648113,0.4906107257655219
723,51.004118907447705,55.49090800019054,49.21278211340253,76.97596233185085,36.414089288219735,41.45837414718365,34.951000247835594,63.34788702362057,49.54105048444671,46.3539010708822,3.4038755736868946,0.4844467108618052,0.21672616012238655
284,59.815958946535844,48.45311749219667,58.42437830488684,62.07221791455657,43.62003717549823,35.483599222377975,42.8464819891054,44.998832054102856,52.05023065094824,40.530497180932855,5.343413634033829,1.3326499231163504,0.743208610968734
1076,87.90939812776412,184.15287084538318,81.23280203399564,106.85082417775719,64.19422793172606,174.14458387491925,58.93701889552014,81.66794824337316,33.50515463917525,50.103092783505154,12.783505154639174,0.9965635738831614,2.611683848797251
290,47.39053785956247,34.84433141958143,41.016294721617896,58.28670484821299,33.647173113317365,25.65738797142459,29.45948050074101,42.27466338493858,60.308462958080675,34.18138676509359,2.5046137621935145,2.7550751384128658,0.25046137621935144
1704,79.50452664010304,88.75787558965516,76.20049647047094,89.63743022333372,57.796665842709686,72.30907860701286,54.16983628257643,69.55080540311334,37.10335747202107,50.4147465437788,9.177090190915075,1.6326530612244898,1.672152732060566
521,47.342009441086454,34.441616099718026,41.88899221396465,60.16907866755662,33.96790592099832,24.456667826659753,29.495717695548485,46.63976466478611,59.352451433857546,37.07678075855689,2.738205365402405,0.7400555041628123,0.09250693802035154
253,47.93625791641748,47.89233765878198,47.14378142333791,55.147794418112376,33.8956662737286,32.15697913621922,33.18237593992621,41.6530287312536,49.91450334214208,45.981657080677756,2.1296440230063736,1.5700295352090783,0.4041660189647132
509,82.43705812256565,94.8053184245843,68.01894293380549,90.07609044186944,52.42882740958954,93.6330868495852,39.43699578825253,60.054759016680435,65.56420233463035,18.67704280155642,8.754863813229571,6.614785992217899,0.38910505836575876
1712,73.6013277738268,71.01655980509119,69.72948773336482,79.68484161555119,51.586228199481624,47.200057517339985,47.0696844455223,59.270377152533925,47.526660670692536,41.30797892843376,7.580624437877425,1.9915199794423744,1.5932159835538997
735,72.55159036961858,77.47721072726723,68.72457094562479,92.68672108745274,54.842559874174405,51.23838339439099,52.201201871477714,72.26543297391544,33.17553735926305,55.642272262026616,8.674513817809622,1.266632548618219,1.2410440122824975
655,66.91950711031397,65.88772278698795,63.07791407408476,82.95657643556207,49.092716950128406,53.66232685640081,45.64189257938153,64.47499717111313,41.55895025460243,48.687818253035644,6.802454628541585,2.036819428123776,0.9139574356965661
127,54.83830456410943,40.97648354159907,50.51336048748571,69.94179609483068,39.739213170778996,29.674105658273493,36.24384520149552,54.188635457718235,48.591909882232464,46.47977470558116,3.9298515104966714,0.4480286738351254,0.5504352278545827
32,49.079320334352445,33.81343291425962,44.60592440126828,65.76367269536455,35.510012324411754,24.631974018378195,31.90009253996879,52.00775881778334,53.93190720096415,41.262428442301896,2.6965953600482075,1.7475143115396206,0.3615546851461284
1464,42.33217421434171,25.484333797458877,41.907415536919885,48.59512850251334,30.381207011359123,19.400465778578713,30.07207462915701,35.58113432116748,57.07721761327377,39.74473516273133,1.952776005105297,1.148691767708998,0.07657945118059988
1302,67.42771928671152,69.61381484069962,64.1910082859612,75.62559915143812,48.44991710132055,49.45013963637074,46.31358467142978,54.42905687601084,44.85872790607664,45.00064507805445,6.786221132757064,2.5674106566894594,0.786995226422397
1100,47.829187026481,61.01307794578309,45.524335211933725,59.9815885105293,32.30163224407236,55.804916598768955,30.063233152028275,45.83784100190727,59.60709759188847,36.41318124207858,3.371356147021546,0.3548795944233207,0.25348542458808615
1666,48.669692458725955,54.32992958855602,46.55991823919227,55.03283656850157,34.82153020136922,40.82702400816098,32.74930707459822,41.62816017643567,57.34836702954899,39.04872991187144,2.4235355106272682,0.8164852255054432,0.36288232244686364
1673,67.6415892220015,60.84688525155537,58.48241563294709,83.02384656798253,48.71128518393658,41.77459527420995,40.83987090751555,64.5242120829868,47.16312056737589,43.059777102330294,6.914893617021277,1.4184397163120568,1.4437689969604863
1115,56.59682698885944,48.688743998793505,55.169629011924705,58.21775035033224,37.478255248681165,26.2025943403576,33.96833340890299,40.924525063367746,66.70093818275285,26.73178254723043,3.804138285567408,1.9663282354453155,0.796812749003984
1698,58.47403015180415,51.58194420919223,54.90471960992257,78.98896937661527,41.426156036818064,38.21885871577628,38.37648656345388,62.370200350460195,45.2825364356942,48.15903860905139,4.973152646381999,1.150600869342879,0.4346714395295321
683,50.33806081595733,26.72056933144544,44.63886160664707,63.765820562293705,36.0260690934618,17.528504824624854,31.9094747854756,48.14230380642675,53.409750435287286,41.729541497388276,2.8728961114335463,1.6105629715612306,0.3772489843296576
1303,49.83720719109844,17.180950883705098,47.68900654874977,53.59414782112519,35.12878440554549,11.432125443506456,32.40824536800424,40.05825074415022,60.5345697531706,35.49706804854766,2.6728487658529936,0.8727669439519978,0.42274648847674895
1459,67.08381243340868,42.733519837840475,66.94375315190379,71.87923761033038,49.667552028211645,29.574462091903893,48.97486813046957,55.33259369424369,47.51233826864079,40.64292383620114,6.682673069227691,3.974923302654395,1.1871415232759772
873,55.52442151416007,12.703536215837104,45.69084377200612,60.613873306804436,40.8142452019943,12.075363314071542,32.51913483180229,45.75506963997199,62.32606983460226,31.950643213441847,3.3210816487267003,1.9296403255447625,0.4725649776844316
654,56.44297836182243,60.19041261981058,52.71441208002206,65.97063373912997,40.62166659828124,43.30750548684355,37.495873548262956,49.658760924864225,50.70333291091117,42.440755290837664,4.410087441388924,1.8248637688505893,0.6209605880116588
907,67.93768323940581,54.293962512912536,64.21344135132372,74.76932205054796,48.126868756528374,41.784432121493445,45.028678055742894,54.084431596260174,50.71283095723014,39.829429735234214,6.746435845213849,1.4638492871690427,1.2474541751527495
734,63.52111958993443,59.07861265664697,59.754798960533485,74.64824497898046,43.40535799387375,44.12706432531609,40.18332039516608,53.70191142939919,51.07379929714955,41.455160744500844,5.713913835741247,1.3145906546921775,0.4425354679161786
1713,53.01102320026663,60.10423995456802,45.276075078472324,58.335981355687196,36.98271337880282,49.065208801177434,31.96730611943399,40.86648177990025,64.030131826742,31.234866828087167,2.999730965832661,1.331719128329298,0.40355125100887806
261,55.124479528492934,70.90676933327477,51.937143821004696,94.40965952818345,38.656456159064234,53.13931648908064,36.40912709679968,74.78073409194764,47.26960200978448,46.225042972365465,3.5039005685574507,2.459341531138437,0.5421129181541716
1093,,,,,,,,,,,,,
507,63.63250358348699,80.94881511316301,65.83113432709176,59.516927101880555,45.88302345017036,62.184367388637526,47.99773985521877,42.21478799085286,52.389470994122156,39.72655251725019,5.686174290825454,1.3544594939943777,0.8433427038078201
1050,62.04595953190824,51.960368898987156,55.10517154139261,71.97121437125676,44.61888017196606,35.860403341390864,39.21812648231994,53.555472211887434,50.98984110445428,40.296952331336286,5.014326647564469,2.6048450117218023,1.094034904923157
1722,57.41782231159661,21.88970781888519,56.406061611405704,60.10165506718857,41.756988699624095,16.876482339863273,41.17665513194505,43.589840122228324,51.93089430894309,42.20020325203252,4.395325203252033,0.584349593495935,0.8892276422764227
1291,53.22532036474369,47.67050856869932,54.44217236112062,50.76802058194986,38.12538744300878,33.35759116426859,38.88923504375866,36.89246888611816,53.512084592145015,40.105740181268885,3.927492447129909,2.16515609264854,0.2895266868076536
1520,57.224570636983955,56.95467955884822,57.115662953944465,62.14380464188228,41.25009384234223,39.99602593989661,41.44027839401039,43.019354735631424,45.381578947368425,44.131578947368425,3.776315789473684,5.802631578947368,0.9078947368421053
671,65.00684022550621,75.06471929740668,56.178280609719245,83.87187139214778,46.75387412831171,54.15440728964147,39.43536104030679,66.00481469407228,49.269230769230774,41.256410256410255,6.846153846153847,1.2307692307692308,1.3974358974358974
1497,63.226463545431486,77.35009102692892,60.767761734756725,79.41790797550128,46.36412591503006,56.92112079794871,44.55830888439617,60.599236282176925,41.74347158218126,50.56323604710702,4.992319508448541,2.0097286226318483,0.6912442396313364
103,33.29876890440696,72.4243673176593,32.470373062583576,29.23172712540215,23.087879483153486,51.79170512885524,22.62244291487377,22.735441607866644,67.32517482517483,31.346153846153847,0.6118881118881119,0.5419580419580419,0.17482517482517482
856,46.084882130369266,39.68831163080702,43.57424747299454,52.93878615956811,33.39917174278844,29.03996528226635,31.37432498448835,39.424283006523915,58.874622356495465,37.36153071500504,2.391742195367573,1.1455186304128901,0.22658610271903326
467,57.58462363107117,146.50021756067525,59.26846143116215,55.629878609273135,40.345450629104846,110.36213518707224,39.76896439268967,40.364961001653036,63.9569175535325,29.95255802025901,4.4492883703038855,0.9616617515066034,0.6795743043979997
301,67.66146659076237,87.0809964099805,63.45122475133736,83.81731963263832,46.64948092381544,67.13953773017303,42.612457827368175,65.16748313121631,47.39674424862101,42.40548903538276,6.054083142741827,2.7041571370913493,1.4395264361630566
1695,63.116452942987095,82.32643776890227,59.01665285945359,96.69040192461013,44.93268302041772,64.54681151600833,41.9424238565058,75.53566747957632,43.5214626391097,48.569157392686805,5.458399576046634,1.523582405935347,0.9273979862215157
329,,,,,,,,,,,,,
1656,38.61331006221691,37.87738734718599,39.332730166904895,29.881674670327424,27.044767680900883,26.136008595049926,27.61875331118651,21.617119606283765,60.45053116600537,35.05695635479329,1.036733649046461,3.3533853833354668,0.10239344681940356
1118,,,,,,,,,,,,,
498,67.39956322383641,112.64554757428209,65.06947946988487,72.94984063397986,48.04593004606349,89.58352723460455,45.46278309021614,55.847579278710064,43.95156150414277,48.06883365200765,6.602931803696623,0.5481198215423837,0.82855321861058
499,64.03912766792706,69.84028680432705,54.352000936564316,90.91778185829587,43.74447644184623,46.944670323847575,36.94819215401726,68.61132189706522,47.254298178085705,44.47010520913523,5.658198614318707,1.7834231460097512,0.833974852450603
1119,62.42625910684512,80.41499811554726,61.35379674355037,63.67520843727766,44.05574471619163,60.982538508845394,42.84444833637047,47.34594315797409,45.70446735395189,46.44902634593356,5.1116838487972505,2.076174112256586,0.6586483390607102
843,44.9230850100954,68.41708318014817,40.93465538852459,64.87953077199337,29.4303193404443,53.49057103403193,26.00032004234003,51.470686965032144,65.62988027069234,30.88235294117647,2.771993753253514,0.5465903175429464,0.1691827173347215
1327,70.61048273278034,64.59300315136097,71.07684157977218,69.94635251905154,49.97220949622137,42.274105336824526,48.89061596562481,52.401435247817204,48.75212335032014,40.83366000261336,8.45420096694107,1.0061413824643932,0.9538742976610479
1441,56.313208063449586,46.89580820921637,55.324316547421944,64.28673103825145,41.4604843160972,33.27872698782976,40.8362281241832,48.36167767667902,48.17694369973191,44.73190348525469,3.6997319034852545,3.1635388739946384,0.22788203753351205
894,35.805571899763144,35.845535741186936,35.30495790446038,41.9172198939615,26.67961955758799,26.444571362884457,26.30885790888586,31.806893623899082,57.42904841402338,40.20336925178328,0.6222492032174837,1.6998027014721504,0.045530429503718314
670,30.203244100488202,30.813475468562327,30.18980119663158,,21.122606862231073,23.90508781865896,21.06193758245432,,63.13984504001016,35.41216816969389,0.5207671789660866,0.9272196113298615,0.0
1509,45.98100395236633,47.33941081985656,45.709712101173366,47.608273910888386,33.56759480769267,34.743120616663994,33.38842211573111,34.578028889633735,51.16298597699219,45.44462171466957,1.8977244101100008,1.3015366529515493,0.19313124527668152
1247,51.890313759308526,100.6077707494916,50.03153096779173,53.303027534965,35.17171106401555,78.32678498801718,32.38080081577618,38.95278595260612,62.95693355039219,32.78081989048394,3.1966849193429034,0.7695722953973657,0.2959893443836022
1253,44.57908969875703,35.726959027653415,44.714759975972605,51.492092886100494,32.30903720624233,24.33212320490088,32.393437223921325,40.28368145627526,51.760020554984585,43.65364850976361,1.8242548818088387,2.6464542651593015,0.1156217882836588
1535,77.2330809408263,82.96681590773483,78.86475953744807,73.31207463767534,53.06632387700011,58.41230302518618,52.863517113135664,52.5997613814434,46.30040454130236,41.38066031580321,7.725433903171082,2.870938274827091,1.7225629648962546
704,55.73646198894693,50.70732958960633,51.88035600737522,63.26808629421653,39.526646360657956,38.975370389894,35.646593456953156,47.450971574304255,55.46399594320487,37.72819472616633,4.082150101419878,2.2058823529411766,0.5197768762677485
1051,74.45816683685584,69.5645375692636,73.44494206524932,78.29311394812882,52.349559580850475,43.34511174288422,51.75520456574571,56.71208378858475,46.70285805524509,40.53967747086061,8.031294906594285,3.496726808238863,1.2294427590611527
248,45.02826526724773,50.893785385205696,44.14962957967669,46.706654501511,33.262966275522864,37.661185427736555,32.51281622293918,36.512261242008975,49.53467033687246,44.14733254686066,1.376327172630751,4.771267531786603,0.17040241184952154
506,60.43089473679648,55.003083292684224,55.679429951313125,77.74926210902807,43.20921747597026,49.738064258849064,39.415735531673924,59.42809667990673,48.26574853353736,44.61871971435858,5.572558020913032,0.42081101759755163,1.122162713593471
1090,76.88417808607011,115.3381459647029,72.58597947304551,83.31804407626547,52.71410244645664,85.8360199208657,47.975069186274006,62.447100972560904,48.23200559049616,39.664570230607964,8.609364081062195,1.6352201257861636,1.8588399720475193
504,47.768748262662086,54.31119943513769,39.92895979099623,59.70519171191221,34.92848904974639,42.99786820031828,29.160843613475496,45.68375960140145,58.632007351975844,38.098989103321514,2.1662071681764474,0.5776552448470527,0.5251411316791388
1286,38.61541204290579,101.32825488896542,36.68796352827584,51.58116399851475,28.613151637426704,70.14179756300662,27.409941658298724,40.015407216805635,57.36034222445898,41.57020634121792,0.7423251132360342,0.22647206844489182,0.10065425264217413
1292,65.69941478964745,55.149011820738444,57.39784495781106,77.90305032778448,47.377044534278106,48.21355815505581,41.362166039268594,57.59282032122085,49.209092117506316,42.41658912667819,5.8354379901634985,1.409012362089592,1.1298684035624087
666,42.82665815638476,42.790189964523115,41.95663473608131,62.05018301361335,29.413657469833794,29.318952868982958,28.89862121224178,43.74473002287371,55.5793991416309,38.71857755977928,1.5328019619865114,3.816676885346413,0.3525444512568976
1494,55.41808303581733,69.39717103555223,53.301086388186874,65.38000835267381,39.21803849995565,50.98442562241072,37.63960183310078,54.03446244637914,43.36158192090395,47.70159219311761,3.0303030303030303,4.917822290703647,0.9887005649717515
114,58.268891435919386,78.0822656001461,56.922035079240764,59.768453514867325,42.4550923438832,56.36355130480638,41.31793957962844,44.252156494766105,49.19046992233776,44.583388179544556,4.041068842964328,1.5927339739370803,0.5923390812162697
896,65.54105713742094,94.87784844912093,58.77905349042354,95.22703900489762,44.168868086317296,71.14809796718305,39.187560808547794,72.56315480366139,49.73289239379292,42.07580768252353,5.672856779445434,1.6535232765199697,0.8649198677181379
1457,72.88387578042853,72.56673316340151,72.75378494383273,73.73081306093982,53.35022113658509,54.34359861793929,52.7832851164719,56.34197633586867,37.467532467532465,51.051948051948045,8.12987012987013,2.090909090909091,1.2597402597402596
29,48.3461508332689,43.506194227836936,47.99322518365775,49.99770875379849,34.42021219242602,29.39394805568787,34.48116704978863,35.38906141032183,58.86830753615834,36.0822126363867,2.0933773154021824,2.4739913727480336,0.482111139304745
1325,56.60500848715125,56.94445243775348,53.70484793053962,103.83005265853382,38.814428720480144,40.493161864252166,36.63129290276023,88.77652734839646,46.33134560539279,46.51283380865958,4.200155561317086,2.4371273010111487,0.5185377236193933
1696,60.77483698980717,25.852143689321665,56.726091282303955,66.8570215966798,46.16479290365319,25.26666666666668,41.864073790120436,53.17610626607237,46.700443318556054,46.35845471817606,5.370487650411653,0.6459784673844204,0.9246358454718175
316,51.70958390015085,59.96627740451437,50.99655144446673,55.65760337753539,38.09378127614247,48.50964524598778,37.24118137338038,43.08836453777271,49.23388628593137,46.523996454349756,3.203748258832468,0.7217930859820185,0.3165759149043941
1127,61.158177457379516,62.285856031537236,57.903739582217405,84.91733645442936,45.06836417159043,46.36675631121494,42.43880512836249,68.54684620845192,42.67443332911232,50.38622261618336,5.14119285804736,0.848423451943776,0.9497277447131823
1669,54.66303535966044,51.04588428394645,51.49249073770698,68.20421975106096,38.709243442706075,38.79485985893601,35.900534695131014,52.113724707046096,51.10798001793262,42.987062892276164,4.162930703215063,1.26809273728705,0.47393364928909953
1668,63.05266354638156,45.463643492749924,59.907294660802975,77.0654700709076,44.50397685751875,34.94965313680781,40.95720073542177,61.41855518502954,48.66419532148792,43.23149686820913,5.944011248881504,1.329413268567046,0.8308832928544038
471,96.91883639021543,86.63095354640323,84.52635029585373,113.4080402252461,70.62522513036507,65.0860053885173,60.13825797528195,86.58131756227722,36.02416254805052,43.79461834157057,13.385502471169685,3.088962108731466,3.706754530477759
317,64.63880127870603,78.48724536215663,61.85275381282978,63.077972280892766,47.15831635324148,56.03468905907848,45.31371631296852,48.87428721869958,42.091938707528314,46.28914057295137,5.169886742171886,4.970019986675549,1.4790139906728847
1683,58.10301836215706,55.64952701281218,50.24259938996789,82.67794841195804,39.061560078652455,41.980780820915996,34.05737540545327,58.86090827892107,53.815841324050965,39.10416393011953,4.6499408905819,1.6156574280835414,0.8143964271640615
854,36.95782068218076,42.44245837225442,35.45290572071103,46.30689375848191,27.106890628738554,35.000507940327815,25.953482315536863,34.727163786895865,61.42544142286377,36.821755380848046,0.7732955277741976,0.8635133393478541,0.11599432916612966
14,87.27813350385985,82.99323904084524,80.1579597461771,104.86797909875851,65.52798442477446,58.24173454474121,59.541799919964404,83.08441092808367,33.0931339225017,49.10944935418083,12.834806254248809,2.460910944935418,2.5016995241332425
1330,64.10492707205063,73.13297420678843,57.75032763119639,88.65150417301169,45.25335569554838,52.579406093444476,40.48866967917076,68.35971509286357,44.370860927152314,47.19816607233826,6.0494141619969435,1.3881813550687723,0.9933774834437087
1456,56.437767551009124,57.95655000456911,54.11249071681644,75.50662470443156,40.444892258089745,44.97420073542742,38.45721118346421,59.07772733608124,47.01831882551644,46.927374301675975,4.365337144341951,1.2082629595946472,0.4807067688709887
897,29.839603568804552,45.94852917345395,29.59860599634553,26.535418947986724,19.5004856489519,29.483232121451117,19.36646892791234,19.49747694065065,69.75347168044937,29.076298954595103,0.5149009205804338,0.6319238570759869,0.023404587299110626
115,68.6391549233361,72.18463468013923,64.94972007998184,79.83109605341201,49.95003905377117,48.3002286886802,46.79048757940373,60.97132112816708,41.97749399418384,49.07067897332153,6.549500568972057,1.4034644076368694,0.9988620558856999
667,66.03706526047941,63.425333954685755,65.953630268691,67.22108661376373,49.520714960692224,44.454552009859604,49.985282673994845,50.20323734397275,41.41718068301489,47.37475552880999,6.138107416879795,4.3478260869565215,0.7221302843387994
1495,54.80122602557951,20.704891847349096,45.86741887269388,58.44827290326431,40.92905375556695,16.308204922175943,33.58439198963716,44.30574109287019,61.05587452737712,33.034588993138215,3.1228119311020865,2.1145497829435653,0.6721747654390141
920,46.59455119820702,62.171657332727534,46.77041504607697,44.93012372944218,33.490272289058325,48.49924969409194,33.30654080132194,33.42245961081148,57.03136291371585,39.9624223153635,2.341378811967047,0.4335886688827865,0.2312472900708195
1536,81.49327458365448,124.17730640270469,74.14877310140938,99.8629793816742,58.23685611656796,96.02230921991226,53.10799978572781,74.40856946451756,34.97135582431572,51.64863144493953,8.478676002546148,2.8516868236791852,2.0496499045194145
1250,57.63279991824579,57.33293023145419,56.15546891674976,61.686617987247104,42.07980788556291,45.87705859732635,40.386881281122534,46.85799921050837,50.53512623490669,43.67453347969265,4.747530186608123,0.7409440175631175,0.3018660812294182
707,76.39551721679423,47.21025281826966,63.17930392976128,90.58518158322688,53.26594498537781,31.818098544657243,42.01933275539218,67.68945207625185,49.53632148377125,37.75115919629057,8.719732096857289,2.138073158165894,1.8547140649149922
1287,68.48184602675076,96.1052001061955,65.21357414187534,64.64257473217282,46.73911159639112,71.91538155874927,44.10816565034324,49.61873383714981,43.13828391498294,47.88769351876148,4.591970611388088,2.9388611912883755,1.443190763579113
288,72.92234847572539,42.49618586220045,65.53538015766627,87.72580265130277,50.56009667702647,28.919900114799166,42.9727405343462,68.07779172495377,47.9523576439876,40.62652961331376,7.815304291075216,2.0558002936857562,1.5500081579376732
1046,58.22592919745044,60.02695976806618,56.751835189443966,70.50388549811768,41.52802484189827,39.82021149060067,40.89195661711303,50.705078368109604,44.05377456049638,48.07394002068252,3.59358841778697,3.3738366080661844,0.9048603929679421
539,56.653248717371966,47.07386944105103,49.553005957834635,69.57725631572956,41.59889589077506,36.96707516515408,35.35325452319609,55.0385138639352,51.214858160539364,43.07340033074672,3.7908663019972013,0.8904719501335707,1.0304032565831318
263,101.62196425637632,59.37943794023634,91.10922319703964,107.51015873198212,68.9539775221746,36.323948699334636,57.56525099960751,75.80030820215649,48.02488785993344,32.45550571552597,12.197945304586892,4.3553754883519025,2.966285631601794
511,74.71719859532533,93.64485814894994,66.21865028466308,87.28945747079386,52.2083577718449,73.42260608630436,45.62923197531539,63.33815655022783,47.943477163764825,41.29447388342165,7.8223568004037345,1.8294221549331315,1.110269997476659
515,55.47628173742202,72.23493488610968,52.943495334714896,63.81021843656649,39.78107485622899,52.09885455804639,37.27463276366892,49.351642507271784,48.179008197822874,46.32441876091924,3.816691304932133,1.048246203467276,0.6316355328584867
267,106.26122877487978,147.20301276286452,97.99364046016004,144.94652199398408,76.12632549124926,109.07871270324867,69.23559375674031,118.69308982544311,26.3265306122449,51.78571428571429,15.433673469387754,1.951530612244898,4.502551020408163
1718,51.72366748026016,26.59140151258841,55.910132385526154,49.69668489543485,35.81268942792929,16.46724046834582,37.20037715785894,36.27701549655583,64.92027334851936,29.571339821909298,3.623938703665355,1.511700144957548,0.37274798094843653
1283,101.01911791562101,71.01116518613833,98.6138495740088,111.2956995163951,71.20143790804507,50.50496371689561,67.63249069524399,85.0640514980469,36.89961880559085,43.4561626429479,14.45997458703939,1.9440914866581955,3.2401524777636594
1297,59.33587717319797,71.62234166911651,56.41965035008224,79.29966014868107,41.158116998139356,57.108782656107714,38.79265728219544,60.31380530315187,52.05908683974933,40.73410922112802,5.744553864518054,0.6117576842733513,0.8504923903312444
930,50.25586399049634,52.23848761714148,44.33474232955672,76.1498857363356,36.903620513863366,42.4213270886234,32.75474077942025,60.80897998240946,49.020660048296214,46.7802522135766,2.9380198551113494,1.046418030587604,0.21464985242822646
893,63.81378301042638,113.28204129927319,56.01357157409933,86.63140284526231,44.41158065944831,81.36329427131271,38.857419020847,65.66090173566674,47.583832717072546,44.307025372944025,5.788601300522759,1.185770750988142,1.1347698584725234
677,84.862662995627,55.72973546547304,79.6232447062913,93.496516323811,60.91858398919293,41.55132083275258,56.127631791413926,69.34817402010518,41.409577901123015,43.41035239447528,10.971989157093068,1.987866270814509,2.2202142764941266
313,31.536720844779428,20.653344573422142,29.880190869815127,50.93196221667136,21.785569876346717,18.30794001470483,20.534941211092665,41.416654560683476,72.00263504611331,27.246376811594203,0.7509881422924901,0.0,0.0
475,51.9694435945115,45.94583692930578,46.928037401034224,86.66121081327269,35.867131560156004,32.36789450805023,33.127620531838595,62.42942396535026,52.403142058314465,41.792038343762485,3.1819997337238717,2.050326188257223,0.5724936759419518
1650,46.410589316181444,23.733529030443865,42.370970760431234,62.6081070378483,31.202119173900467,18.646716947845654,28.086215569510678,46.36798440227411,60.60725035990053,35.76756968983118,2.3033634341054836,0.7983248265933779,0.523491689569428
1644,79.99616683641915,76.83770919617197,81.10454108636873,79.34595237981623,54.01672109502528,41.07537154477839,55.696913287430384,53.38740842846413,55.26863806747188,32.81965847563515,7.746772178259059,2.4156601416076633,1.749271137026239
1123,80.90738084925597,111.09123032366513,60.758069092812605,104.36577510083181,55.603452525650205,67.75576008391081,41.14857963003867,77.96618730806435,46.848928250545505,39.27608779360801,9.318444358875626,2.3488640739314595,2.2076755230394043
312,56.18216941939316,54.70080711260761,53.311759554418316,61.58947539820188,41.88881256557459,42.75744653798555,40.058502693101374,45.4516993674142,48.292436124462434,45.82595497090817,3.65545155578042,1.7708069820389578,0.4553503668100177
306,51.080258452069764,31.839597179487413,51.09159674068972,69.81755592096869,36.489754658117896,23.33303681698938,36.486496949987895,55.60418210385236,46.951530612244895,47.90816326530612,3.686224489795918,1.2755102040816326,0.17857142857142858
1453,67.2506345346645,49.229683165632984,66.4145150560353,70.21810271572018,50.015016911538325,35.4191209700142,49.50614539593722,52.35537748880431,42.08419421487603,47.92097107438016,6.482438016528926,2.1952479338842976,1.3171487603305785
1335,62.1943966919211,54.75612936584251,60.81824195460544,74.40905918374645,46.06823660102599,37.80143270135129,44.84070669623434,59.12917468385754,41.71260094859633,49.916677349057814,5.845404435328804,1.7177284963466222,0.8075887706704268
11,55.503017106436566,58.810449443568764,54.85034122258115,75.1940556957032,40.09324673305544,42.891160373192434,39.734042544771356,48.1264368022984,39.87652765528537,52.324555877535595,3.263197681743732,4.019150812649616,0.5165679727856873
676,44.891475119049254,62.52506292417091,42.09087959714401,53.90933718082891,30.62286071902371,40.90678181578041,28.685874957039204,38.11025174448341,62.32930672268907,34.13865546218487,2.2058823529411766,1.0110294117647058,0.31512605042016806
1484,60.68858209390004,45.69791500975641,55.78949007643287,66.35156561998582,42.39706316190079,35.010272672150684,36.57895169033775,49.56687861158682,57.414448669201526,34.874524714828894,5.140684410646388,1.9315589353612168,0.6387832699619772
110,40.901828336579776,71.91564365511437,38.95327268618406,50.72168487287246,27.060608257395156,45.272029923456046,25.860226103177883,40.05872773959488,63.95998138669149,33.29455560725919,1.5123313168915775,0.9306654257794323,0.3024662633783155
104,64.13414344289819,108.38936772616789,58.064324015228685,100.71670350271864,40.58581542457227,83.06052223324122,36.099994950361335,78.04604050218025,55.86444267937517,35.94122319301032,6.049774953666931,0.8869473126820228,1.2576118612655547
1490,81.37683356463695,61.2458344828675,65.11538100645022,95.36743522373547,60.11360084852855,45.87339284461247,45.326539731579814,75.36574375285117,42.60471204188482,42.26439790575916,9.24083769633508,3.4554973821989527,2.4345549738219896
662,75.79645344348094,104.90411827071257,71.64853912628597,83.48914928213574,56.40839320432599,87.52643724133004,52.326396726729385,64.67163218895813,40.77053344623201,46.20378210556026,9.441151566469093,1.4535704205475586,2.130962461191081
886,64.663865737177,59.10882766181178,62.181481287431346,74.09199170857369,46.715317139531265,44.9219743172934,43.717207880165084,59.02047676292565,46.01266640816854,45.76709318857438,6.992374305286287,0.710869846193615,0.5169962517771746
1255,51.213981138426114,50.4902049758683,52.83105951539382,46.326157820824044,35.683338049891304,35.52084251756948,36.655708887540584,32.88689544531214,56.55181414774211,38.358131036282956,2.962672931349517,1.8533020099190813,0.274079874706343
702,57.46347627290317,70.18853563878889,55.65181352691691,66.42488487304591,42.447117746223036,55.02148755141117,40.86741679148307,50.97895046579812,42.470709855272226,50.44796691936595,4.32460372157133,2.033080634045486,0.7236388697450035
716,67.69624432221555,52.392186724294056,61.33150728626614,73.59251942199239,50.9579428456803,44.183454846406875,44.674562857618035,57.31666605675242,47.34160679294579,42.88700195950359,6.8190725016329194,2.1815806662312216,0.7707380796864794
1043,61.990973008026856,52.57465466100958,59.28831002474359,76.22866672256725,41.97597680064813,38.814224788414904,39.243088965780274,57.89951750200652,51.70491378192662,40.425256061195384,6.404771165564631,0.6871515622974199,0.7779074290159471
1719,53.27119224930392,54.84306648899741,50.595547297260204,67.01619516952938,37.71622973155114,39.955187405708045,35.20562309892177,52.570320680917156,52.84276565154882,42.25591425957391,4.051757940138543,0.4051757940138544,0.4443863547248726
528,54.548839834289694,87.73573595200756,51.16820131711018,69.69156686680333,39.10511112162614,55.99912612181521,36.72470211433595,55.26127047828415,46.20220682576341,49.204516294585574,3.104952527585322,1.090582499358481,0.39774185270721063
270,69.08718717125635,42.23411394578653,57.45784767158157,95.55243291847049,48.586379253302454,34.663750517373686,38.90258352739117,77.18824072235918,44.52582883577487,46.18350038550501,6.36083269082498,1.246466204060653,1.6833718838344898
1082,52.215453706746295,52.016636723712274,51.22832173923476,85.4112827992465,37.05852725312175,33.526287836875795,36.46537972772174,68.90848976310191,44.22635737955646,50.344124394595966,3.8108590364516948,1.287280142747897,0.3313790466479735
933,62.12538834545219,61.874104976131704,55.41430181387453,80.75878695098527,41.00785103802348,37.06536621621132,35.72310432216385,59.64545433083457,55.34526854219949,36.074168797953966,5.434782608695652,1.8797953964194374,1.2659846547314577
1257,66.67379226136963,87.35805687445341,63.02451491020594,79.46631762997876,48.40626534241666,68.52192921687497,45.13499481365289,61.808633293266226,41.8133129303749,49.13287426676868,6.082631981637338,1.9255292017342513,1.0456516194848253
1243,65.34892520172886,65.5737220200842,67.73279833923071,62.828927152890415,48.12502577403088,46.23479316429893,50.718762410895756,45.84029561460469,53.103553454323624,37.74592039042245,6.207106908647248,2.4706420619185603,0.4727771846881196
890,59.531916191506475,77.53260680749452,64.33263541848832,52.83160578660567,42.37346713808611,65.6624774640268,45.75504696173537,38.013231107496,56.45732266946375,36.88212927756654,5.231414710895503,1.0357938901271797,0.39333945194703024
648,62.57968150259542,83.77817200476008,57.13312133625798,80.12965591482399,45.37416274423436,63.829505965968025,41.08616088364012,62.169700250093314,44.18922614164616,47.7850697292863,5.5646704949412085,1.3945857260049221,1.0664479081214109
674,37.133419807300584,58.19307042526516,36.74243441753178,47.89071734171523,25.223579848606906,45.5743116628149,24.9225445946267,34.85902333269462,62.57047667862634,35.597129677088674,1.4736032803690415,0.2562788313685289,0.10251153254741158
1323,48.4045815139785,73.3909218462563,45.01503491969582,57.84653673562753,36.06459287627186,59.878884262840735,33.361239128820046,44.65788418039602,52.98602287166455,43.64675984752224,2.4777636594663277,0.5590851334180432,0.3303684879288437
1451,95.92221855856447,77.01504409601125,96.26452587175045,99.8456267351246,67.10444680104706,40.69035859461502,65.67167003492611,74.88959610684456,48.026199327314565,34.53708620994866,11.71888829881395,3.2572136661355993,2.460612497787219
304,90.89341294240351,129.1922409975272,107.97473221497246,84.14458382542675,60.14306022875186,66.59466612854366,68.10983040962073,57.66894470321663,58.740234375,25.992838541666668,9.895833333333332,2.994791666666667,2.376302083333333
1121,72.18387147035753,78.97257001875236,69.74912952453654,77.62790355633757,52.35950306255601,60.205420895676745,49.862871568878845,58.08311984789738,40.460063897763575,46.977635782747605,7.105431309904153,3.897763578274761,1.5591054313099042
1647,54.03694739633572,70.56780140441006,49.607039363340625,69.80917551445688,38.43492803958733,50.216223740986315,34.50144565440929,55.644326617986984,52.40156947639021,42.010553375727234,4.086050602083615,1.109457448247869,0.39236909755107563
1120,33.08326294835251,45.328095618537645,30.65976564461629,45.317161611462375,20.66231897151386,31.76306475822139,18.82558855482446,32.07334017853382,76.8562458932613,21.68358034606118,1.06592684529459,0.1752208512813025,0.21902606410162812
463,59.958758136816286,83.47921465621657,53.462794229204235,71.90896781860177,43.89688548896038,77.94735561150047,36.76050619327788,59.15648119224762,49.624729678158,44.078361531611755,5.202900394351864,0.9286350337107239,0.16537336216766316
477,56.37584156037985,79.14927113973923,54.501787920502125,74.32928644350609,39.308662784560234,56.16305340021364,37.84393504245617,57.89041443275769,48.9552994808155,44.649867038115744,4.520704064834748,1.3549449157908067,0.5191845004432063
1336,78.1773354405695,109.17191048455757,74.00158342498698,96.60610291198046,55.40697772511016,86.60988771282251,51.6323958297702,75.04239111024525,37.96223446105429,49.98688696564385,8.95620246525046,1.3899816417519015,1.7046944662995018
1444,59.267325616171675,76.99297068714245,56.53404220934161,68.1290428825295,40.520759969733554,61.06073958490155,37.55548843827403,51.38660341913311,52.96682965508127,40.00264305537201,5.140742698559535,1.3215276860050218,0.5682569049821594
1322,46.42701467595454,40.09545413317527,42.83287021644583,75.21459181234357,31.747559606286444,31.125173406387546,29.546233723733565,54.96335105377513,56.48845221385734,39.61975245629705,2.6030368763557483,1.09735868316958,0.1913997703202756
852,57.75498253398375,78.83279166467814,47.69388447084477,66.38916266763368,39.91950549576429,69.16410373828452,31.543888870841396,48.35142729067503,61.62038798022061,31.583618612907316,4.868771395968049,1.293267402054013,0.6339546088500064
107,75.0241124014998,107.11967868212703,70.51733323783806,93.41378534943325,54.31106802637531,74.0580691568918,50.49453478637036,74.00964033501744,36.77117711771177,51.88393839383938,8.952145214521453,1.0588558855885588,1.333883388338834
1493,64.00398829180492,65.22171404023862,57.66013480454998,75.06176079176205,44.302722349959595,48.412155163583165,39.55589456368367,53.61758048645126,51.234899328859065,41.81208053691275,4.939597315436242,1.006711409395973,1.006711409395973
932,45.625678905438754,55.613574874706714,41.91841414149099,56.16392119224673,30.998824700343103,36.37299424704402,28.403417686330535,39.77698685970315,62.08551483420594,34.72949389179756,2.1233275159976728,0.8580570098894705,0.2036067481093659
715,47.23795575897552,44.88428102065569,46.521910282422716,54.68590048465541,34.783143148092975,35.01594398285324,33.68426631374368,45.91429546303349,51.38622716238661,44.870320684808995,2.414718282866999,1.1881947106170947,0.1405391593203015
1281,46.11254895188341,38.72253119787794,42.684011805168396,60.23950118797248,31.595557802654326,22.88682198725337,28.911334114970206,45.12131742439823,60.58232145188667,36.166601383992685,2.1934978456717587,0.626713670191931,0.4308656482569526
729,54.61618278792743,69.74932781300383,51.53988346436046,69.48199520025643,40.037466067611824,59.11562674119094,37.12677651762268,56.37196310561354,46.51044319918492,48.36984207845135,3.948038716250637,0.6622516556291391,0.5094243504839532
1726,45.488142411845956,30.54443948823924,42.92676027896263,51.58761708221125,32.12988120212988,19.659645537524828,29.633570083365296,38.65643463231823,62.844739530132784,34.44841675178753,2.387640449438202,0.15321756894790603,0.16598569969356486
564,65.09533999437988,67.31535873440275,64.00172783428285,70.40741630127465,47.23246999870653,45.84767855951042,46.29603037798408,53.41855272695831,41.85534998059257,48.66088756630871,6.482080476128865,2.212446629576918,0.7892353473929357
202,67.55406926463294,104.08826145929626,60.36248179972181,87.4119795635253,49.99286056822082,74.66984431590332,44.600132585487614,68.39138427188462,40.327159659321346,50.54751926456672,6.637826145734757,1.324861430309585,1.1626335000675951
558,41.0533185932288,,38.11232900554877,42.72162243690862,28.21457174116779,,25.244154322541604,29.997675060347206,77.97001153402537,19.72318339100346,1.5506856337306165,0.4998077662437524,0.2563116749967961
1033,65.81573859503222,52.4000112649706,63.968448499590146,74.72111737394903,47.36629152959088,32.85174576012022,45.892466347938694,55.946165877930795,44.7077203489129,45.34565811743263,6.887124072386408,2.2783491732847287,0.7811482879833356
766,55.01955963571858,54.907083562809085,52.20705866253863,62.03321716172076,40.36393308610718,43.38147910416066,37.80281989399561,47.205586540551955,51.83551508252704,42.857142857142854,3.770631758679568,1.0671599317017644,0.4695503699487763
1580,45.836979522068916,68.4247569541443,45.360626150683245,44.804740715839905,32.88259921691917,54.928819148428026,32.38098476195602,33.80647871962116,56.620376735872405,40.437233603739855,1.9799257527842704,0.7837206104771072,0.17874329712635775
1543,66.87710033028895,45.68385159229472,66.93590845000129,69.98729581276311,49.73916814495825,31.73166564877531,49.99800465557952,52.492578733315305,44.31061357517358,45.10415190590903,7.326059231968259,1.9413348448349157,1.3178404421142127
1219,54.48954901350975,63.00461963020108,51.75926549880947,69.79283276756661,38.61781613692335,46.74832002077657,36.25477538025594,54.11456969539684,48.95647747518452,45.456859251717994,3.9322982947314835,1.1835072537541358,0.4708577246118605
174,61.93178555971731,74.63480206302401,64.5232022072113,58.10198480555132,43.6647272578161,57.12909089135535,44.649152479452795,42.12685295551918,56.43885907935612,35.7949731714205,6.001129624399887,1.2143462298785652,0.5506918949449308
612,66.44303719178875,79.17067160965057,62.42373688268745,84.28056760179764,47.861226165930326,60.14336451270182,44.24343865423804,66.99149487295954,42.315547612969105,47.944855756956855,6.127138115905029,2.552974214960429,1.059484299208578
1386,74.0629445109206,68.69858770020473,72.14462050997264,84.27449042427037,52.63907292637097,47.084006622947285,51.13506317399967,62.12554039209165,42.89239204934887,43.34475668265936,8.581220013708018,3.8656614119259767,1.3159698423577793
606,52.73568962922072,55.13801854424978,51.473419671624015,56.43178966124966,38.962234254643455,38.0276191634335,38.153359811047515,41.81453497491893,49.82174688057041,44.448688566335626,3.3995416348357526,1.8843901196842372,0.4456327985739751
1345,57.12006150642957,40.56239935132744,52.85101926656582,69.53390000096681,41.19580997370288,30.7786881254346,37.17939519999363,53.623466035153776,51.11945300978683,40.7829467757072,4.37055905617375,2.989676900388792,0.7373642579434241
1351,93.65266441105504,156.1338597773836,88.19027614873936,108.42220519205776,67.276440743999,123.64103914272728,62.842391853422725,83.05622545598249,31.692044969403728,51.13135050519425,12.75081827237797,1.508467340259001,2.917318912765049
410,39.80548923937222,47.06875639072153,39.34700086822551,70.81608855276636,27.0341757128986,33.67198272852367,26.658797328356346,61.759558155442406,56.42284828120962,40.52726802791419,1.434479193590075,1.5378650814163868,0.07753941586973379
404,61.045232794549264,75.0626528540295,52.92984474753854,80.40115562270896,43.05207413622615,63.2179478334676,37.124894492086355,60.46194864379921,51.05458264093059,41.25015978524863,5.292087434488048,1.176019429886233,1.227150709446504
438,47.74362339983285,45.7144093766356,47.18202779717994,51.26301774456279,34.508738666429345,44.4404516015578,33.79092174545446,39.14073425980042,56.5626989178867,40.24188415022279,2.9662635264162955,0.17823042647994908,0.050922978994271166
1621,67.4652698602637,72.61567769813732,63.398616491861276,79.87861046615286,50.642310505262266,53.12652490958017,47.28150148675191,62.52997193489091,39.81970379909852,50.701867353509336,6.181584030907921,2.1764327108821635,1.1204121056020606
1635,47.02498536560836,36.15542050510606,47.35322633223726,52.24081994444531,33.22266513454402,24.524353148288476,33.38915927906799,39.42830562081034,51.72235840536705,43.33634369758741,2.6190169010450264,2.1674622629338147,0.15481873306670108
389,74.07892850976071,69.39153760081244,72.02680361264615,87.23043187400452,53.67423125290764,48.949613207769424,51.82782638688134,66.94450673932452,35.776892430278885,52.788844621513945,8.02124833997344,1.859229747675963,1.5537848605577689
1634,89.07166341486803,100.40019048866135,85.10974952214175,97.93833404589284,63.902862040507536,70.70521481890478,60.480193350768836,74.10789757219938,35.43025784405095,48.835041938490214,9.319664492078285,2.997825411618515,3.4172103137620375
1152,97.96759006958867,123.83984531233371,94.53682605369383,102.18675352880935,71.66045785687221,98.2702393776071,66.7186514357811,80.3380405645979,34.15973377703827,46.85524126455907,13.660565723793678,2.3627287853577372,2.961730449251248
1146,64.08204170045006,99.37154652798364,61.708920410257385,72.20232333872721,46.227431688144726,78.2631017874052,43.91249733726208,56.23001312018436,43.81121994657168,48.250858669380484,6.067930288767332,1.0431242844421829,0.8268668108383158
1185,48.41674435173851,42.783708435114406,47.436779462219036,53.44369455369104,34.097497392477216,25.721067786162706,33.08092867742449,40.32464091363216,57.05329153605015,38.31266185089274,2.971241651901322,1.485620825950661,0.1771841352051247
60,40.8774378748429,27.473503203229043,36.71443919230739,82.34140382862033,29.726811601478325,22.300225535348304,27.28484848910505,68.70696049319358,52.578565672844476,43.96991673381682,1.5981735159817352,1.8533440773569703,0.0
834,71.11396330601073,99.03615250165201,67.88959623786123,80.96728988347853,52.956471777049714,73.29892503011033,50.835920657327755,60.26926569303792,37.977965003240435,51.743357096565134,8.30848995463383,0.7647440051847051,1.2054439403758912
1378,51.85552949462886,49.63444656863215,50.79052883968525,86.05621398502855,40.26571953386638,36.97821134388238,39.74372898384384,67.81302978255795,37.42952332137365,57.380830343413635,2.6781137878011276,2.319323423885187,0.19220912352639674
1422,66.71937618424091,63.81443482733881,70.02589213124799,61.702722308402684,48.06282138463491,41.25554090611569,49.9048241081964,46.122736510659145,48.78291814946619,42.39145907473309,6.0355871886121,1.9644128113879005,0.8256227758007116
1344,90.21097025881897,117.19651956126735,83.35227084806904,94.22605578916195,64.52039291277684,104.12532711503712,55.796478148880894,69.96554709119425,46.0446247464503,36.66328600405679,11.561866125760648,3.7525354969574036,1.9776876267748478
48,49.77782068834572,50.449534441491906,47.789731732327965,57.288681575082286,34.65052162921466,38.019256138405126,32.64569114045497,42.84193912423263,58.00209205020921,37.78765690376569,3.1119246861924688,0.7060669456066946,0.3922594142259414
1387,52.04811499844346,61.51239504495879,49.74916325823811,55.25220632891738,35.31778617947585,40.92005716759634,33.66849997545318,38.02359821691699,60.26234567901234,34.040637860082306,3.2150205761316872,2.109053497942387,0.37294238683127573
1224,60.53046549188971,53.39937805149257,59.60455504058338,73.17007487041138,43.56313123547043,38.40731793121292,42.967140245486085,53.048257607931085,42.93819966262843,48.96488268670449,5.459285385677044,2.1162398405152585,0.5213924244747737
1542,34.589479794000255,82.98598049370241,34.08107668380116,72.81436667162319,24.604464663982444,73.3820270342774,24.269936288843464,65.1158549767245,61.70983760569051,37.552006442088306,0.6039457790900551,0.120789155818011,0.013421017313112335
1230,48.884851896089934,61.18333383899961,47.62832348094036,67.64205407686782,35.40707020041761,45.8608535715957,34.45743760396831,52.59773434420539,48.007915567282325,47.62532981530343,2.9683377308707124,1.121372031662269,0.2770448548812665
773,68.03923473291984,61.81475115668377,67.36024708396583,71.95069348126792,50.138311769534106,43.176203338300205,49.25943158013724,55.11152484783174,42.425094950063304,46.43409762273175,6.133070755380503,3.3619355746237165,1.6458010972007313
767,67.99952839198596,71.42226919979235,64.91820954199635,75.02542474095975,46.98361177370934,40.734227289564714,44.28638706950024,54.29999359670407,48.47588424437299,42.070739549839224,6.816720257234726,1.35048231511254,1.2861736334405145
217,52.92300713422436,37.26765590092233,51.7603770446423,60.17699218532054,37.208730978434104,20.171086570454754,36.52180207049249,43.003754212734755,53.641967543087176,41.263051956220906,3.8872814190464213,0.6919109321927287,0.5157881494527614
573,73.44149156995526,51.49050455751743,64.14718890742535,83.68047090392857,52.6812862960564,38.073536428132456,44.53844531243493,62.83410709985682,47.754039989044095,40.523144344015336,8.052588331963847,1.6433853738701727,2.026841961106546
567,79.4379100464264,118.66995502678343,75.62081673448314,85.44929340714349,53.53453523640778,86.85001522407644,50.797565190802885,58.36215908877458,45.8848715509039,40.84205518553758,9.586108468125595,1.141769743101808,2.5451950523311133
1024,61.68507618360183,60.40175913734641,61.30013442690744,62.722983637301255,42.25558822150078,40.37955055691455,41.13701079756454,45.1359572057157,53.52817272248552,38.401790416008424,5.818852027382833,1.474460242232754,0.7767245918904686
598,41.071124389051754,52.57647972922655,41.11538777161339,39.99917483681762,29.21683214694145,41.36926813333026,29.06318198903808,29.01322471640072,61.28241517223584,36.24048509869694,1.4965810863114437,0.8902077151335311,0.09031092762224228
771,43.87268953822162,62.936007328513654,43.35832013254294,53.24508447824051,31.99214637859627,54.79496092374678,31.62592563389252,38.446260290558236,49.166218396987624,48.708983324367935,1.5734265734265735,0.4975793437331899,0.05379236148466917
981,53.08474658381672,41.45546120208026,50.50099723489921,59.60471188191859,36.132805421854,28.268553695720783,32.86675134179486,43.94947260119846,61.93502824858758,31.42655367231638,4.307909604519774,1.9420903954802262,0.3884180790960452
1540,69.46126065206215,66.2817736293953,65.81783591196996,78.27969088270453,51.76466271218703,51.82705649871838,48.241946517215496,60.9785335350607,41.96048043394033,48.508330104610614,7.5293813767273665,0.7103189978044685,1.2914890869172155
1554,73.03877041770475,86.31541201607315,67.4875170673907,89.69320214928601,52.833404036946405,63.94776373833358,48.12867378793897,69.5224014944841,39.27941546989166,49.50869236583522,7.671957671957672,2.3557571176618795,1.184177374653565
956,35.99450010072647,28.28502905574322,36.70322653660701,13.772411204605204,24.91967049880878,20.14589546856554,25.426569640908422,10.783928930285647,55.48654244306418,40.09661835748793,1.1042097998619738,3.243616287094548,0.06901311249137336
1568,49.1230751235574,95.04418774292505,47.70465620842701,50.689570461770764,33.98377470584284,76.157372023141,32.71615574824903,36.05695520655909,60.794583546244255,35.743484925907,2.7848748083801738,0.4215636177823199,0.25549310168625444
163,59.80365307090054,87.65268406508966,55.22249706861875,78.4653965722329,42.180890813996115,61.78745891378745,38.76727857182142,60.4074406579506,47.62698819907645,45.318111852231915,4.848640328373524,1.4366341713699333,0.7696254489481785
1385,70.40895818249946,46.01605815815096,68.24475338166482,71.25999297608388,49.293395704653705,38.41729792067332,47.68508003374977,49.924892501228946,59.85997666277713,30.14391287436795,6.158433813042915,2.5411642681187603,1.2965123816932453
1434,76.81025020973513,106.63217599126165,70.2287763697541,88.6961267291931,58.20784301716024,78.94890656521142,52.47779520075633,70.02254644905949,38.11453974895397,49.20240585774059,9.375,1.542887029288703,1.7651673640167362
1408,81.89809678573808,68.74340660008703,81.70283984395205,82.8931631554529,57.47066636905588,39.05168918344657,56.48464772913447,59.935313921265326,44.84656667125361,41.02105408008807,10.004128250997661,2.518233108573001,1.6100178890876566
1193,54.08855509261359,56.21966872276027,53.50921089799363,56.10564492942899,38.264482144821294,38.33395504730691,37.29040631147368,43.20575713614467,50.542635658914726,42.74841437632135,3.988724453840733,2.2692036645525016,0.4510218463706836
349,55.85056085956282,,44.727764384566974,58.531616381978516,40.41508691991345,,30.463181356527034,43.14313501624569,68.29635716242124,25.472473294987672,3.848260750479321,2.2048753766091482,0.17803341550260202
1636,37.78328321133425,76.96382100281821,35.451621737491735,40.057630915302944,26.598555614146402,60.252467799658454,24.77212950034222,28.815893567977614,71.31348989623156,27.06171490988531,0.9967231021299837,0.5324959038776624,0.09557618787547789
1622,60.766932470668266,55.10426778362084,54.90710829552621,74.53680156002432,42.14244420577786,37.45062307563342,36.35236391840445,58.025715512978195,52.47820996487577,40.70508650969168,5.411734096526604,0.6114218810979576,0.7935475478079875
374,52.052196922202214,63.036532808786305,52.11808182352236,51.62486038748727,36.58987613048989,50.02334575476356,36.32903208410946,37.10661238651706,55.81134194272881,39.809096013475575,3.64963503649635,0.5895564289724873,0.1403705783267827
406,42.895292117089504,46.330101499459566,42.04568374584806,50.84504378849846,31.206649633576603,39.11940427332013,30.256338165489385,40.69048945949023,54.462590201291306,43.19534118242815,1.785036080516521,0.506393214330928,0.0506393214330928
77,47.66296861936938,25.34831393258987,44.09697653524457,57.67196007616634,33.610938417872084,16.335475844679845,30.958352325115293,42.63984866062394,60.22498995580554,35.4894870764698,2.7588054104727466,1.1249497790277219,0.4017677782241864
63,34.64914564335549,17.961159030485664,32.28878866209259,45.70459676976473,24.65743239150875,13.77498736832925,23.16545707927915,33.1673793008654,67.7919708029197,30.98279457768509,0.9384775808133473,0.23461939520333683,0.05213764337851929
1435,48.80835702432824,72.91122518027083,52.41907240204507,42.78519677126427,32.479239012341495,54.58081171401396,35.13598546727237,28.45922125936472,68.02642918701522,28.066647515081872,3.2461936225222634,0.4452743464521689,0.21545532892846883
610,38.84322245855486,42.1111515893938,38.54201677329522,43.088161712709166,26.530752030786783,32.247225041176705,26.017259066584607,35.296605975188555,56.42612588885962,38.49091387937846,1.316829075585989,3.7134579931524887,0.05267316302343956
943,75.75070065355304,115.15725607699532,72.47585251657136,81.20586944184997,54.26629651766353,84.18175370121335,50.774250337284265,62.868370424952836,43.4346035015448,44.28424304840371,8.921215242018537,2.111225540679712,1.248712667353244
1596,66.94820793802458,82.87767528962901,63.46398053578906,68.84449568886001,48.21199142727347,58.49529257585489,45.31936225956145,49.936832001106616,56.08984021706361,34.62466083810673,5.818510702441966,2.2610792885137174,1.2059089538739824
214,40.93997546079519,39.50713218168201,40.52852429581686,53.23198064731287,29.263906921380865,32.17285162912512,28.86721548593258,42.16171499621422,57.070128547791775,40.842560773832254,1.629120529464172,0.3818251240931653,0.07636502481863307
576,63.084793125118956,72.08167479701471,51.07211388501864,75.70932325596843,47.74636857887145,50.35351326206922,38.88073084195342,59.15986257841532,46.542275574112736,45.75939457202505,5.336638830897703,1.8397703549060542,0.5219206680584552
1021,51.528989137751715,88.22887732008184,49.77429555196284,72.17296963997998,37.142307893546814,71.54045753925327,35.74816857597378,59.10142227022224,47.891488814605296,47.8272049370018,2.982771920802263,0.9256878374903574,0.37284649010028287
748,65.87653148680276,68.47695242195422,65.83834951841678,60.75561638008974,47.869722322539644,49.71540509134743,47.97500064335151,43.0410278122779,40.062406729073395,47.84968118301451,4.802604802604803,5.915072581739248,1.370234703568037
1586,60.293086054106126,59.135625979558824,57.651112921118674,77.29916642353018,44.84692115325726,46.08096443954192,42.30602401143482,62.32922079602245,40.67576348278102,50.79922027290449,5.133203378817414,2.936972059779077,0.4548408057179987
760,60.03485094349384,95.87331152738827,57.25199966847681,73.40351542947373,43.46602930512345,75.34387318851537,40.73192813765509,59.82639016822164,45.128865979381445,48.1958762886598,5.347938144329897,0.6314432989690721,0.6958762886597939
953,46.88012480229512,39.886681571066575,42.658657034170325,64.02314533604019,34.517403945802535,32.629887586764895,31.46131891545213,49.72806855802531,53.52473379161612,43.69861167273218,2.0757514489823428,0.4987195039762771,0.20218358269308534
166,64.50886938137715,60.39071064771877,58.77042834628732,70.31898483007264,45.98749012255569,48.39015349225788,40.920151669167666,51.56571125799168,54.947883155321065,36.66194826920602,5.8422339467250035,1.3897825247715867,1.1581521039763223
614,51.873457468040705,45.30150912406508,49.65407148435569,63.920481716954164,36.8107716003857,36.30044908818561,34.93664741505211,47.39232082435128,51.677782409337226,43.03876615256357,3.5431429762401003,1.2922050854522718,0.44810337640683623
67,50.19351379135008,56.28263581382092,49.50255687178433,51.90865968450538,36.31846465694562,41.66520464146328,35.65397554995195,39.54842921546605,46.900695762175836,46.3472485768501,2.5458570524984188,3.810879190385832,0.3953194180898166
1357,67.41458091189342,71.04659535730048,64.43480860098252,74.79323601687544,47.84348676610566,46.303187177054085,44.94816334486226,56.720679285616285,46.704455576061164,42.84207751120485,6.736092802530978,2.3068810967571842,1.4104930134458211
1425,48.782349040697014,46.41751351542273,48.31775032277469,61.33932898325373,34.366077052526805,33.31738200955671,33.970352766586004,45.957694107591735,49.861793611793615,46.20700245700245,2.764127764127764,0.8753071253071253,0.2917690417690417
1343,35.15616893509608,23.241781234524844,34.87692099168987,74.77954137673547,23.673417656348796,19.659179541175902,23.4904713824364,61.672359229258944,62.425749412902334,35.97181931205968,1.0636828291200442,0.49730625777041026,0.04144218814753419
364,29.374041292295292,23.005243989451188,28.71245414872013,72.46881526683815,21.1625346779893,16.054656575793004,20.834721394876322,63.411942205021774,63.295352707719886,35.33478427858149,0.21764178722314684,1.1266163103315836,0.02560491614389963
402,48.09186605885199,26.97960151120388,50.28395179998758,52.97016987347704,34.15998813176807,17.99672771214086,35.5709468842703,40.80118753996749,59.4519654216278,34.54575110096233,2.935899526993965,2.935899526993965,0.13048442342195402
1155,73.81195426821296,29.24945408571568,53.84069237682448,84.92880944344456,48.807505956791466,21.68720941864235,36.2311692505604,57.63935205177348,59.10714285714286,29.183673469387756,6.785714285714286,3.2525510204081636,1.6709183673469388
1141,52.7029966351537,73.1895252196314,48.39056770781571,72.50218476027862,38.10886320509891,58.12243884600825,34.89936323370834,55.817994712019136,48.4375,46.76724137931034,2.6221264367816093,1.7600574712643677,0.4130747126436782
1632,54.331533570262025,50.68189852379884,49.81070882455536,68.10401938557014,36.72072236060313,34.185099093664704,33.11637868641065,49.62582575493641,56.770437863831944,37.71197165274614,4.416603391546444,0.5568210579600101,0.5441660339154645
1418,75.60427486141661,52.753510570051326,69.21462638688776,87.02904864121254,54.438783736315955,38.66911837014261,49.79057037478709,63.80189167413548,43.96109869890918,43.60625574977001,9.120778026021817,1.642791431199895,1.6690760940990934
66,65.53024664149919,93.01602665888369,57.721188789049314,81.20982157970587,47.67030549886934,59.03056260267307,41.24685517514397,64.52340330634367,44.71247881079671,45.84691615595254,6.5588733863606725,1.7994523405919938,1.082279306298083
173,52.53929747569425,50.52884018081381,47.820738695190244,75.1923739288251,37.63592507438029,33.09837259288558,34.51059328059271,57.92935477789816,49.93521637729982,44.58408914226484,3.524229074889868,1.632547292044571,0.323918113500907
1381,49.53133032088174,63.43052215868383,46.32577695734621,58.764947128430045,34.5200602340943,42.27086591812655,31.954891029233256,43.47790485379305,57.42535866614967,38.36112188186635,2.7530050407134548,1.098617035026496,0.36189737624402224
167,50.64949358731842,130.35429262327824,47.59848983554425,62.933392115848584,36.43359527689351,78.99657074118925,34.01513892589011,49.25617123784038,53.48955034832172,42.84990500316656,3.217226092463585,0.1013299556681444,0.3419886003799873
629,37.026461561412624,21.332334841607132,36.160396871445236,54.5020484132507,25.94181751351524,15.376294055631483,25.32815136754677,41.63107830999,60.34958601655934,38.257326849783155,1.011959521619135,0.24970429754238405,0.1314233144959916
1550,69.485767826394,127.5214516198858,64.39028471202701,73.63623932008012,49.42047242309077,90.84895661711315,45.62308080653365,55.537105535028225,46.37759956504009,44.474649993203755,6.402066059535137,1.8078020932445291,0.9378822889764851
946,60.453775874742554,52.30275210325709,61.6104918318719,57.69205449613829,46.152795083299004,40.72656321205309,46.99975631952087,44.1782726406914,41.348747591522155,51.14964675658318,4.829800899165061,2.312138728323699,0.3596660244059088
761,62.918257384888115,125.29177235871845,60.27758399573625,66.17849363924287,43.579476385657316,92.40769642092101,41.47260049481559,47.18109699123556,53.27606103346583,38.928067700987306,5.846903449160148,0.718040774458264,1.2309270419284524
775,64.83070465584268,44.84498044833106,67.29719652519647,64.89060095658927,44.75965766690652,29.343440622221195,48.29135489626543,43.41507441487709,54.35466946484785,36.16649178034278,5.001748863238895,3.6726128016789086,0.8044770898915705
985,68.46840611766403,72.29993796994044,68.41134745887481,67.72341295567283,50.635144878184775,51.40256298608016,50.83138433254026,49.7334465124446,43.42397336293008,46.073806881243065,7.727524972253052,1.8035516093229744,0.9711431742508323
749,79.66946668252201,113.9268981194011,75.48737887204109,94.51645801084473,56.63498743756751,82.33287688150452,53.06399119881493,72.14437481167205,37.26421316449017,49.848304972958715,9.879963065558634,1.450995910829706,1.5565228861627753
1020,39.26893806080774,66.1489594523215,38.348943807398996,43.43191729646025,28.292050411683693,50.60381257053164,27.519620922422014,34.25203049032309,57.4917323836174,40.39684558636479,1.2083439328415162,0.7886034088018317,0.11447468837445943
577,58.22564698090835,63.1799437794982,56.130032804350826,68.41076195176237,41.220522124383145,45.529739988583124,39.695811453143016,49.26372725341867,48.17264759384819,44.5344799073921,4.3988754754423685,1.86869522077063,1.0253018025467175
549,77.14071508926627,86.72331135568557,73.48140392602267,103.79374337308143,56.62461843128355,64.997435277372,53.57945641695209,83.31636353770327,35.52683117900509,51.2991252121687,10.902206554380466,0.7833920877399139,1.4884449667058364
1022,82.68923766248851,63.63392363647308,79.43040186333909,86.28597980113568,60.21407394489238,45.19374657771902,55.35437916606104,65.21236454722391,46.528165086447295,38.41327384272169,9.676519799219186,3.541550474065811,1.8404907975460123
987,62.47370016130798,79.45745815188025,63.67414320882727,57.96880643281631,45.58687584915627,57.42925282348238,45.61810143742622,44.41007254630629,46.71270320817148,46.26672421234355,4.66119982736297,1.7119838872104733,0.6473888649115235
1552,43.25882205207899,76.76508491367244,40.88372480150045,65.68284521465107,28.093917394370106,44.69783538863771,26.687979787222172,47.34554214438557,60.71428571428571,36.46415861718353,2.325876970005084,0.22877478393492628,0.26690391459074736
159,70.2359279911413,79.06039829541807,72.47133271516044,65.91181352269282,51.5966711555747,53.851966352939975,54.44647564253957,47.71978711170531,47.905932091425555,40.599815035011225,6.500198176773682,3.752146915048223,1.2419077817413133
603,101.48263955692511,118.71956845222874,91.3611028656835,114.33936280569185,74.74679348726707,92.00037368723655,64.46809260579056,89.53754483219768,35.7288411900557,41.86931123488657,15.188153783453334,3.2060861296019567,4.007607662002445
830,73.1112577009858,75.09197585295298,73.50959748230716,70.62079866329488,55.40320236775863,57.18083554062335,55.4115793224323,54.97537768107392,36.332588992512804,52.292131879679495,8.800735583869697,1.6681991330618677,0.906344410876133
824,47.04616071760487,58.39353883095259,43.834385138274214,66.11029321751137,32.04168260258316,43.89404618677806,29.64313946251263,49.001665749922644,58.28761005486793,37.960954446854664,2.347837182595381,1.2377185147377823,0.16587980094423888
1426,54.92928354805379,37.66133887578871,55.25372226325702,61.671327226220846,40.29173745850197,27.468496556989024,40.64295167674956,45.948938688237554,44.862883861999244,48.71730064450904,3.9681536711740177,2.072538860103627,0.3791229622140781
1354,42.94146490523378,38.09591073377623,35.69823582193983,59.65772857961465,29.744500385552854,28.308654322940264,24.484969450175704,45.45682112843816,64.90775383821442,32.46032769965166,1.8836279189781961,0.477357760288995,0.27093278286672684
58,57.423512349663355,56.02359931270869,54.98884877095418,60.263326473970146,39.81112800690255,41.986229706958234,37.180092045408855,42.9625359423346,59.78163134232498,34.34810533076429,4.200385356454721,1.0789980732177264,0.5908798972382788
1195,61.67967655287904,88.88022140500627,56.98409073495928,72.50085862527676,43.70369667088589,60.18074479348518,39.76101643394482,55.605019810151575,48.89730753619267,43.36355026383439,5.50669733459613,1.5559464213232308,0.6764984440535786
367,53.83722395508663,53.744462718331484,49.281772360190715,71.68332379280221,37.12850237867856,41.25293204253724,33.2000657685569,55.699679927734515,52.4968152866242,42.19108280254777,4.101910828025478,0.6496815286624203,0.5605095541401274
398,40.42382506346258,38.782410822226865,40.006036441684756,53.680632042472986,28.689664534587145,27.364454440499777,28.4157774513353,39.48803150491957,55.03041054232134,40.35732387227572,1.3684744044602128,3.0663963507349212,0.1773948302078054
1142,60.9035231728551,77.69938663452754,62.618496794439366,51.45496515037103,41.46288352935266,46.45006835918817,43.10049728745315,35.9463579287913,55.6084996780425,36.5099806825499,5.653573728267869,1.3650998068254991,0.8628461043142305
1156,55.809096686986685,64.10317364243635,51.633554928772284,69.9203647255479,40.523374683355534,46.74654715277326,37.66892690342949,51.81783566687009,49.82022823198374,44.880412693450054,4.158199155854306,0.7190870720650304,0.42207284664686573
1157,44.639713685771774,36.568090584490655,42.1542182826007,58.591591393241366,32.56572617467281,27.69794015802035,30.557323410636016,45.91994344505212,55.07485409794468,42.311596041613804,1.9411316924638415,0.43136259832529816,0.2410555696523725
1625,46.26930887083476,48.52944307535888,42.31477337089342,60.672652641359306,32.80865515037033,47.36245556519291,29.40563683656334,47.728491625383505,58.27004762517699,38.57639335821857,2.7030505856609603,0.2574333891105676,0.19307504183292573
1143,50.3284992786754,41.40741596690008,47.74869370855836,56.36773245870425,36.978043729837076,30.336932501982936,34.950527296830295,42.14624634876501,53.53829843625763,42.18128809965545,2.8226875165650678,1.152928703949112,0.3047972435727538
1194,43.72401578720339,32.96482688981574,41.332993840166516,58.544302501388906,31.878177633642462,26.059903389234726,30.100813337778863,44.82033339435221,56.56068634872571,40.92858945243502,1.6023214736310873,0.693918748422912,0.21448397678526368
372,79.06868380890722,76.90258193875782,76.18895283240377,86.37777540867312,55.65472657369971,55.21844594573435,52.094576478819114,65.02070771428029,42.446137677351544,45.25748817656332,8.434051497635313,2.1413557540725168,1.720966894377299
414,47.97472757276331,40.73047862927398,46.43047538413693,62.88322435008054,33.991025410223735,28.65848045525273,32.94445626687614,46.120226448338485,50.63808065339459,44.85706993363961,2.7820316488004084,1.454823889739663,0.2679938744257274
428,52.8323641753919,36.89140556468171,50.120383990110476,66.992613813969,36.24195976778631,26.30667724215848,34.09841223933653,49.09623622106043,53.93361212754836,40.64296915838996,3.907475169890225,1.110820700470465,0.4051228437009932
1433,67.76657893905382,82.40177081459672,65.00561123289916,86.24774790226445,45.14037893325818,55.810435025182585,43.40418726924098,58.410339624707525,42.97844546048334,47.45917700849118,5.264532984977139,3.226649248856956,1.0711952971913783
1427,62.533487506532786,56.63223707068102,60.811043779952335,83.19652538842679,45.718803106803755,39.76543094899979,44.74164795350007,63.18777883934353,40.26261230131306,49.68901174844506,4.809951624049758,4.118866620594333,1.1195577055977886
1369,56.44313083866134,50.89607887822023,51.81654124068172,66.60597335458823,41.54373653735228,38.83117128982437,37.108767602311154,52.36009600425816,50.67778936392075,43.06569343065693,4.288321167883212,1.316475495307612,0.6517205422314911
831,50.213393245017066,17.051503396876193,48.61188820340861,51.96011606501136,37.12490095579044,14.609887599893012,35.43760229783214,39.01972779116945,60.15748031496063,35.85301837270341,2.952755905511811,0.7217847769028871,0.31496062992125984
71,61.748885198277065,35.12965409497907,53.31513128470623,72.41111713425043,44.40227288133624,25.595280692844426,37.90259895270489,54.18021573151502,53.13776457482362,37.6160415893056,4.715930189379874,3.416264389157074,1.1139992573338284
602,36.08869027017597,52.54240851721352,35.58811711066969,74.45414771394832,25.987098426442195,42.3290201586491,25.610457979770718,67.37400600497696,55.62770562770562,42.71708683473389,0.789406671759613,0.8403361344537815,0.025464731347084286
1396,49.08314621455655,46.600294614235786,45.74932614185318,58.400844532608396,35.06271760194245,29.31704479656606,32.555475683132926,43.59882763406508,57.471745500209295,38.18892144551416,2.6649923259383286,1.506906655504395,0.1674340728338217
616,65.7589139676325,70.82061821542798,62.4157915448429,77.36217411477809,45.690276722290285,51.28011017814875,43.392464197338676,54.211176754781434,46.377383300460224,44.64168310322157,5.759368836291913,1.722550953320184,1.4990138067061143
1221,69.40530300311097,87.45406663737774,63.34318947411616,83.58273089726076,46.561648864266985,59.907587011340745,41.05165215415373,62.18223736758,51.600651112316875,38.36136733586544,6.483993488876831,1.9533369506239826,1.6006511123168747
979,41.6114033442864,25.200078766905836,40.93119122447557,75.58685667451496,27.940619097668385,13.451517207972769,27.553107542741717,65.40250720889014,55.524115755627015,41.32475884244373,2.045016077170418,0.964630225080386,0.1414790996784566
945,91.21258111832825,115.30099601982158,74.83274003334941,117.46178170792088,65.43325274621489,83.25857604195564,52.15634617152966,92.58376450473509,36.57252273815222,45.939045795436414,11.632359980852081,2.7604914632200415,3.095580022339237
762,50.53661669599817,54.12149461992877,46.96912561131822,72.21161923311497,35.47010915813065,39.16835977150805,32.87082984180107,55.02135597975825,53.842206542655546,40.48749198203977,3.3739576651699807,1.8216805644644003,0.47466324567030144
548,55.591808590359115,72.40118561929505,53.318852861384286,64.18831763235794,39.884184879252714,54.81419908446786,37.9061826248105,48.40435547813656,50.325628910739375,43.87689950197931,4.226790959009066,0.9705018516153747,0.6001787766568765
