subject,overall (rmse),< 70 (rmse),70 - 180 (rmse),> 180 (rmse),overall (mae),< 70 (mae),70 - 180 (mae),> 180 (mae),CEG_zoneA,CEG_zoneB,CEG_zoneC,CEG_zoneD,CEG_zoneE
LIB193588,32.06846112960402,28.580578062369245,31.501942416278297,33.59762527742079,23.52253756260434,19.7546468401487,23.274660969719488,24.61961488250653,68.19143016138007,27.501391207568172,0.2726766833611575,3.9899833055091825,0.044518642181413465
LIB193563,30.964902039450433,17.620241193837195,28.666696725517543,35.44263547852876,23.111301921219276,11.378048780487806,21.56654789352337,27.32064075630252,73.27465922507244,23.408822582376303,0.23612750885478156,3.0803906836964687,0.0
LIB193577,39.81963167504648,31.171736780504283,34.28288650380347,43.65346991408666,28.98336915064568,21.372826086956522,24.83441301207065,32.26361276217804,73.14476002400728,23.705252560453815,0.7298987434899614,2.3620065439197693,0.058082128129174654
LIB193946,37.635755235799465,26.383998647198734,35.71510376961754,41.6557774452697,27.43576958404409,16.706293706293707,26.453406813627254,30.72620215897939,65.8050124655557,29.103792153260727,0.5379871407951712,4.47447841490618,0.07872982548222018
LIB193952,25.41961106126575,19.706488246573656,26.122243809091547,27.707312882446313,18.481512255920233,12.316049382716049,19.58783783783784,20.342245989304814,70.50270045700042,23.30702118820108,0.0,6.1902783547985045,0.0
LIB193985,31.22116218180227,23.48860864360868,27.41368591994269,35.84013992232288,23.582625770440536,17.04334121355398,20.91161189979814,27.368349423723046,74.30046726423156,23.672296867329685,0.09272558680751258,1.9217832403047217,0.012727041326521336
LIB194032,33.68208118291259,37.42516342172546,29.192240358637388,37.62064762183483,24.071751959284352,23.330357142857142,20.2083176750595,27.977142135505463,77.90926405845067,20.523308458488152,0.4433759015830393,1.1084397539575983,0.015611827520529552
LIB193991,40.53014759171215,43.37720176144447,35.40374029329453,46.889954079956844,29.331040111940297,30.51530612244898,25.68474440092397,34.59958841687491,66.37709888059702,30.019822761194032,0.6763059701492536,2.79267723880597,0.13409514925373134
LIB193749,32.27307378331047,28.01023358938403,31.303763304117243,35.57282835028005,23.355141325536064,18.846248462484624,23.163410301953817,25.347079037800686,66.75194931773879,27.40009746588694,0.341130604288499,5.445906432748538,0.060916179337231965
LIB194026,27.26757639406373,22.42713405964321,25.334787834434,30.659044901682016,19.821053388976832,15.744313011828936,18.612706819673615,22.21123502684841,78.80990070513742,19.88631457763707,0.06619657504676932,1.2073679666139012,0.030220175564829473
LIB193761,23.06118471591735,13.953647756564793,21.969585489197655,27.997452001444447,17.313629656953154,8.76142857142857,16.566125892277743,22.129561295612955,78.43969015123571,19.01512357063814,0.0,2.5359645887126523,0.009221689413500553
LIB193775,40.42450971306217,33.56495682835418,34.46078367162809,44.379431553915985,29.04337562702862,23.787346221441126,25.574199109323374,31.687251920202073,73.09235762761877,23.788728238418415,0.4632634995573916,2.552375331956329,0.10327530244910003
LIB193832,35.28107674466434,28.077629245822543,34.250228149945066,39.52450432218941,26.0833563756248,19.168398353264067,25.431832683445588,29.998467600700526,64.85164309263001,29.967031798362225,0.27225353610549824,4.8410081888758905,0.06806338402637456
LIB193826,31.37566305122592,21.484340691650537,30.995859628713376,40.92743249304856,21.63169700629799,12.616621983914209,21.96755811694619,30.378162816281627,66.79751531360539,26.2833232680528,0.5090156155637995,6.341126736260892,0.06901906651712536
LIB194146,39.238099544470636,30.40105777027858,36.07275213447629,45.87778256263012,27.81451838464683,16.341674047829937,25.71851851851852,34.504400301734975,65.15200413089782,29.180920415671597,0.8799672970588868,4.571957227995439,0.21515092837625593
LIB194152,31.852844438308747,27.678116355706,29.732298677776946,35.85674912656801,23.157199471598414,16.640625,21.10223642172524,27.749510763209393,72.19286657859973,24.90092470277411,0.59445178335535,2.3117569352708056,0.0
LIB193615,48.15832397464263,41.68025614797042,47.07687433991835,50.622007203320685,34.48093369326044,24.742318721835314,33.81526291298278,37.52316213494461,60.55168659120296,30.669419050427603,2.048408683619536,6.274527595671802,0.45595807907810265
LIB193371,24.354002493483808,24.675162337128327,21.179504414497924,29.085629103528376,17.284230477634573,17.196969696969695,15.389597205219312,20.600564351779276,85.05875663381349,14.437073540561032,0.03980288097043215,0.4643669446550417,0.0
LIB193365,32.73903088474097,31.976553910638962,30.831338416802936,33.030442034736694,25.015488867376572,31.5,22.12857142857143,25.454545454545453,88.67376573088093,10.648596321393997,0.0968054211035818,0.5808325266214909,0.0
LIB193416,33.10480359053318,59.69292701580553,30.050842566336506,37.6322745545324,22.33118313404657,39.745535714285715,20.08699791728652,26.35890410958904,77.19477658904972,21.25157331655129,0.4483952171176841,0.9715229704216488,0.13373190685966016
LIB193370,26.9941390732099,20.381091454799197,21.762132688725078,31.499354803566213,20.474325292572246,13.472222222222221,16.519760479041917,24.597043857523627,83.86673035586338,15.536183424886554,0.011941724385001195,0.5851444948650585,0.0
LIB193358,30.505209521397532,20.396078054371138,27.478235332562583,32.743819552611896,23.116423699344658,14.445623342175066,21.15685942004409,24.82430875576037,79.38344255717533,18.931389594757256,0.03343587000133744,1.651731978066069,0.0
LIB193600,37.980408408337276,28.99155450965642,36.434765631150405,39.847981458455145,27.36220237411889,17.409315455187016,26.044749580163984,29.224988579259936,72.11443528574381,24.547103529033592,0.8564278006107502,2.3327899341032765,0.14924345050857576
LIB193614,31.05215866738433,18.848924434219086,28.710095828311996,38.67228481544702,22.108513327205884,11.527128263337117,20.896981169672213,28.97039760085131,70.64280790441177,23.83386948529412,0.38200827205882354,5.121208639705882,0.020105698529411763
LIB194153,49.48880241193982,77.06880043182196,46.18827183085135,50.87460114210133,35.508006498027385,51.56923076923077,33.657675016056515,36.37543666115095,66.87166395915526,28.753771176607103,1.6709213274541657,2.4599675098630773,0.24367602692039916
LIB193628,33.26961391473538,33.93704540538934,30.980779886942564,41.975743295504415,23.213490306567383,19.448474576271188,22.13038364096996,30.576470588235296,65.83148856242033,28.76836385590662,0.4897028241765613,4.729321795129804,0.18112296236667338
LIB193827,43.63076123607503,28.78046589948301,42.07503785586755,46.357705873847515,33.5492341356674,20.61413043478261,32.470044052863436,36.08257203092059,61.52443471918308,32.23924142961342,1.2399708242159009,4.905178701677607,0.09117432530999271
LIB193833,23.317066064119917,18.85778746953615,22.1067818805839,45.450698326513624,16.416954068035743,12.602250165453341,15.802201148425265,35.9803343166175,73.20112870355855,23.94184041385797,0.00783821915660762,2.8452735538485654,0.00391910957830381
LIB193774,20.953044617655973,12.918089997376851,19.089453351433633,31.042814956508508,15.495825685357334,8.815573770491802,14.384593619579826,23.874558303886925,81.91130321511044,16.720942625377464,0.0,1.3677541595121083,0.0
LIB194027,26.18162595696002,22.254280657625777,25.668595185125156,30.099738981438076,19.417484285817498,15.381454747362577,19.166991946944577,22.593905867416343,70.24636948197384,25.436023408713243,0.08236399104110975,4.2207932952821325,0.014449822989668376
LIB193748,39.82531829169809,25.097541671210436,35.373926323706804,46.38156560306652,28.880254254664752,14.683848797250858,25.636717230649552,35.068982630272956,66.16772606110314,29.280295263481648,0.5946278449866721,3.7523067459503796,0.2050440844781628
LIB193990,18.47988887143176,11.384199576606166,17.764544851496563,26.642122486449153,13.537216828478964,8.352941176470589,13.05175899716943,20.896860986547086,81.9848975188781,16.2891046386192,0.0,1.7259978425026967,0.0
LIB194033,41.10129361467509,39.590579687597405,38.80006612005783,44.96451447311757,28.069775243206976,22.834,26.457193292144748,31.995637421231216,66.01811472660181,27.205635692720563,1.677289500167729,4.780275075478028,0.31868500503186853
LIB193984,32.22879772762835,33.25166928539676,30.08082846089246,35.809704475910806,22.928120412870758,20.974461692538807,21.204804423357118,26.462522077004593,72.74400615112188,23.763368205223795,0.4263845849157716,2.99634194645728,0.06989911228127403
LIB193576,36.87893722260308,21.584040087918062,31.181022840913585,45.871022358628245,27.44065536292627,15.02808988764045,23.160663952395865,35.89403620873269,65.87921508858831,31.301200228614974,0.3048199657077539,2.5147647170889695,0.0
LIB193562,36.101865417849275,35.44836739242928,34.24661458680743,38.83503249874859,26.220254314259765,25.217665615141957,24.9340723453909,28.28993729471484,68.0858310626703,28.190281562216168,0.36330608537693004,3.2811080835603996,0.07947320617620346
LIB193589,44.75971462981866,35.80415040089135,42.10974221162001,48.11774368515195,32.75508637236084,28.545226130653266,32.48651430924439,33.52386226339106,60.882917466410746,32.31765834932821,0.7773512476007678,5.561420345489443,0.46065259117082535
LIB193574,34.725968854082005,19.840056655696976,32.50549182298439,38.91304799516465,25.51363885492643,13.843544303797469,24.194975325257964,29.074818379092367,71.90859648383153,24.11147181584384,0.36257852354652387,3.50773641384544,0.10961676293267
LIB193560,34.13939647440344,23.26182873413735,31.02880734488359,36.06440166370274,25.638319260152794,16.35211267605634,22.72568306010929,27.5873739017247,78.28709288299156,20.16485725774025,0.3417772416566144,1.2062726176115801,0.0
LIB193789,30.788641141294505,20.769403743683444,28.106540696113917,33.778226204196024,23.08222320899941,16.543956043956044,21.31360611638114,25.265358225626297,77.0574304322084,21.662226169330964,0.08140911782119598,1.1841326228537596,0.014801657785671994
LIB193951,29.968707714704454,21.588573764606025,28.201604418956002,33.0823847572381,21.832737953480986,15.041106128550075,20.43693989071038,24.62066923304708,74.87100103199175,22.025085337778837,0.10319917440660474,2.9768992617289833,0.023815194093831864
LIB193945,29.074064272910388,25.516550848958907,27.475728535351152,34.319784814628775,21.669492400005897,19.114118507681052,20.592112642204775,25.67673237950814,69.92289433723039,27.30837842220879,0.08403485234929012,2.6611036577275207,0.023588730484011264
LIB194025,30.11318559511252,23.931034167012406,28.525694662360173,35.605889269183415,21.91281294590738,14.979780473714616,21.05107232405852,26.54935064935065,70.36580620054482,25.89505772473732,0.17674147100791282,3.5364509015436503,0.02594370216629913
LIB194031,32.546442912630226,23.833954891800893,29.18754491621005,37.45132540846453,23.596909512134776,16.19675723049956,21.573948887056883,27.278562259306803,73.43844890798263,23.64200724262804,0.19793517622978477,2.6946175127645695,0.026991160394970643
LIB193776,32.79037454250154,45.221676218380054,29.36713085501625,37.634704519152436,25.27653804432047,37.90909090909091,23.252316553969447,28.499079189686924,70.50984038431737,28.51386951805362,0.01549666821633349,0.9220517588718425,0.038741670540833724
LIB194019,26.71165517023089,19.050755268422698,25.904639267329507,31.970655801374207,20.703780507257935,14.903225806451612,20.205656759348035,25.19364161849711,70.05902057744457,24.756739511883875,0.01595150741745095,5.168288403254107,0.0
LIB193762,30.458551781451735,14.697738921744552,25.101813519191985,41.29801008950908,20.98987012987013,9.066666666666666,18.330271455991227,29.159553136637065,76.43290043290042,20.432900432900432,0.05194805194805195,3.0303030303030303,0.05194805194805195
LIB193825,31.662150418997456,39.99282606122799,29.8019437265484,34.95742692366835,22.545918292557793,25.37987012987013,20.916397296503085,26.446474907524983,72.34055028657706,24.784883976604757,0.4280332458699189,2.361512188686436,0.08502030226183321
LIB193831,29.056287715786247,20.517243693174,28.12598175526767,31.74763004739793,21.8877449168207,13.947075208913649,21.226263948631633,24.382977590887315,72.93900184842883,24.01293900184843,0.16266173752310537,2.8835489833641406,0.0018484288354898336
LIB193819,37.39007757542691,29.11338318471026,34.123216286766706,43.032694175298325,25.78106959051242,18.964942528735634,23.746334671144236,30.152453549309193,69.9709107182815,24.53345267397628,0.693667487133587,4.631908704408145,0.17006041620049228
LIB193602,29.262937507616403,31.036463433208212,25.85305539526375,46.26190484725971,20.626521786531963,18.855250709555346,18.724544433888937,34.53270745003029,71.0615256023549,26.42729948758949,0.07631645891630628,2.398517280226769,0.0363411709125268
LIB193399,37.71133504203193,43.028311680341425,35.20703028015689,42.90659597664423,27.97010710808179,27.96590909090909,26.6158357771261,31.72839984502131,60.20447906523856,35.42356377799416,0.37974683544303794,3.777994157740993,0.2142161635832522
LIB193428,39.4715863511158,40.08247511065857,36.46414813346253,42.06733600599179,28.409921838294963,25.29438717067583,26.513828828828828,30.29655201448238,70.33272113782941,26.67962243198223,0.5274847307051638,2.3790202024516294,0.08115149703156366
LIB193400,39.075871419398936,33.75236617219928,28.78439314222628,45.194469871344566,27.82632084534102,25.444444444444443,22.77540834845735,31.55414438502674,77.79058597502402,19.94236311239193,0.05763688760806917,2.1517771373679153,0.05763688760806917
LIB193366,31.349838048688742,12.727922061357855,26.176331667339753,35.585982907419876,24.2,9.0,19.91680814940577,28.291666666666668,78.18930041152264,21.48148148148148,0.0823045267489712,0.24691358024691357,0.0
LIB193372,24.32617440553516,15.18480923069332,21.10224161616471,29.443836728359887,17.231092708805072,10.794117647058824,15.059406952965235,21.35172665813996,83.11444652908068,15.721032541890406,0.006469560716827328,1.145112246878437,0.012939121433654655
LIB193414,34.75030598762788,23.128465706266077,29.18192628029499,41.88074448369936,26.177272727272726,19.296296296296298,21.725446428571427,32.94327390599676,70.9090909090909,27.07792207792208,0.0,2.012987012987013,0.0
LIB193367,30.724323682364506,26.29737691330307,27.52839557486963,37.849082286675454,22.140985290438127,18.96829268292683,19.943151732110227,27.919992407345894,74.24707323175791,24.110776038031524,0.1540750885602539,1.460421138575398,0.027654503074917368
LIB193398,23.19660367820109,11.753644036984792,24.055695179899402,23.03123239825636,17.03784693019344,10.296296296296296,17.83823529411765,16.846153846153847,89.06644238856181,9.75609756097561,0.0,1.1774600504625736,0.0
LIB193617,30.68481753958941,33.811812083407126,25.953872790262533,38.138106747011165,20.18539117538005,21.931818181818183,16.727037143679816,26.892263610315187,78.68001483129403,18.483500185391176,0.3151649981460882,2.354467927326659,0.16685205784204674
LIB193603,29.77380263810666,14.555954691928113,28.304173722870324,37.5985341794754,21.58569379705988,8.367935409457901,21.12926121088289,29.575713694662806,70.74817736345166,24.626508904027727,0.1135412931755707,4.499820724273933,0.011951715071112706
LIB194144,48.33390413388304,32.04216907143452,48.92657109130136,50.67880660298879,32.98945817274994,18.74251497005988,33.9473136915078,35.32218844984803,68.89594196327363,23.577420086148265,2.4710949897982317,4.783495805939697,0.2720471548401723
LIB194150,31.985119176521028,19.79930447089351,30.61255823930788,47.48775677050734,22.528960061740303,13.27542468856172,22.619561288887652,33.6866733039397,61.94674898707312,30.011576307158016,0.1639976847385684,7.731043797028748,0.14663322400154352
LIB193818,29.891829016793505,23.009018699069923,29.206684574658983,34.668068881897646,21.91631336879159,14.962196219621962,21.750687052448228,25.988425925925927,67.78437267144582,26.976541021095095,0.1515969063953339,5.059225571057838,0.028263830005909707
LIB193830,20.207185600126248,18.68536478484852,18.082070159726214,34.90637989168824,14.410089503661514,16.285714285714285,12.984684684684686,28.419642857142858,82.75020341741252,16.761594792514238,0.0,0.4882017900732303,0.0
LIB193824,33.258607388525036,36.599818882197106,31.144099354301616,36.004572699415576,24.533860583419443,24.294617563739376,23.247608347802405,26.372172055539373,73.18774342262141,25.586201414831887,0.20069946745091805,0.9955488434941577,0.02980685160162149
LIB193763,48.55481854778365,45.44999643062567,43.31981485349692,54.161644487255,35.24421373200443,26.3728432108027,31.02749085431461,40.81282795234274,61.15171650055371,33.08416389811739,1.5919158361018826,3.8233665559246957,0.3488372093023256
LIB194018,27.129091851827564,21.605707812839455,24.23914450157696,45.45545215371346,18.380130987738937,14.152746761947299,16.645765018180196,34.36528592375367,74.54116213540478,22.9095270733379,0.1370801919122687,2.3931916838016907,0.01903891554337065
LIB193777,23.562844054337862,56.501659267671066,21.860486151980627,25.19249526322168,16.723430510566097,43.6875,15.276932084309134,18.268224910101342,88.54696899583526,11.021132191886473,0.12339966065093322,0.2930741940459664,0.015424957581366652
LIB194030,31.665663950517203,38.918596362884706,27.238208943275644,35.35148711748586,23.40678622113276,28.314285714285713,19.997840934126458,26.646149296607664,78.69307186169526,20.41026964262676,0.15051821270373716,0.7353889820668301,0.010751300907409797
LIB193987,32.2153108318641,20.425610948801804,29.69968251269328,38.65159434265939,23.260382775119616,11.88967656180771,21.616042891019692,29.197524497163485,70.80382775119617,25.936204146730464,0.22966507177033493,2.992025518341308,0.03827751196172249
LIB194024,30.82870026181709,52.65690837867335,25.27352385530194,32.80504907854557,22.763232009323104,47.75,18.452620967741936,24.502801694683612,84.63630183548607,14.751869476546567,0.04855783237836263,0.5632708555890065,0.0
LIB193993,37.165876347894475,22.822183327540184,35.80011231063083,41.85107979199783,26.914178895223852,14.205183585313176,26.65380294959597,30.73861960475863,66.55388354051782,28.348443779792504,0.484157397887653,4.449013926535191,0.16450135526684737
LIB193978,40.10703464473817,33.81230632215924,39.00518233012869,40.58317395922959,29.872640692640694,22.779411764705884,28.273740666736774,30.56158269331296,76.44155844155844,21.24098124098124,0.8802308802308803,1.4112554112554112,0.025974025974025976
LIB193944,36.242296019063424,29.291647222628594,34.132867724349495,40.533417515688235,25.616407498910043,17.32179104477612,24.60141992247049,29.02764238499032,68.54139417720293,26.522307804098244,0.515913384682459,4.253257762922056,0.16712687109431767
LIB193950,37.051057343064436,26.044078848992186,35.67617360542221,48.91722596600557,27.561829693758884,16.488381918039714,27.3779241860021,38.22782410917362,56.83550846362579,36.24499289313865,0.2842744540638325,6.5318516604212435,0.10337252875048455
LIB193788,33.6530217808591,32.109188716004645,28.808821202966246,39.19057388486339,24.98685823233011,25.695652173913043,21.65158208955224,29.426526717557252,72.3886694811385,26.76017976303963,0.1089472967451995,0.7422034590766717,0.0
LIB193561,29.528166354726206,18.69855010053103,26.24711442239485,31.83873274836369,22.156086967374755,13.413074712643677,19.830499214641808,24.07999667027387,82.48171538403935,15.790918848755647,0.12980205187089688,1.5925713287236964,0.004992386610419111
LIB193575,26.998257863470094,37.976992620584596,24.780375052464514,33.11015645488768,19.784695244474214,29.984251968503937,18.316900175131348,24.46032206586392,77.25720026791694,22.180174146014735,0.013395847287340923,0.5425318151373074,0.006697923643670461
LIB193549,30.44211689851309,25.60899958750071,28.640146923492843,33.67586420252989,22.215659862535833,18.002388535031848,20.900441449814128,24.880927392424386,73.50188236106794,23.410354712810417,0.1312471937277657,2.8563534003384796,0.10016233205540014
LIB193571,27.736101839728803,20.262387727897313,26.615912479499457,30.241103988289588,20.657821659981487,14.114191419141914,19.799176107106078,22.934402924451664,77.7306386917618,19.504011107682814,0.09256402344955261,2.6535020055538414,0.019284171551990126
LIB193565,45.54059930749818,33.56036718532792,42.93327562079576,46.99518925185752,34.29155313351499,25.210526315789473,32.16648411829135,35.541709053916584,70.64032697547684,24.52316076294278,1.737057220708447,3.0994550408719346,0.0
LIB193559,35.35366179013884,24.564150647239206,33.85061505923207,38.302917102081814,26.12236582694414,16.677592371871274,24.930879794928135,28.945422535211268,71.11062431544359,24.80175246440307,0.41182913472070104,3.579408543263965,0.09638554216867469
LIB193968,53.17437262906242,47.05976486263561,47.30236710466928,58.543503672889955,40.02626404494382,33.24293785310734,35.55734819595189,44.676853423882285,55.78651685393259,37.92134831460674,1.853932584269663,4.199438202247191,0.23876404494382023
LIB193798,35.53484873904316,37.24711074010492,31.892043075638487,50.749694327070515,24.62576524263791,23.74460004747211,22.15524672539579,38.88833980468291,63.736209041891335,30.88510991289921,0.6121941103276649,4.615512235586893,0.15097469929489837
LIB193940,49.05755946944797,40.27066363303659,41.74316677083847,61.05745467777782,34.54585698794412,25.147451570434455,28.976442772702846,46.19067174019516,59.00491165401544,33.63143458569879,2.503029916438094,4.61695477451043,0.24366906933724564
LIB193773,32.81790018109468,25.35825159242962,30.977905489360896,37.76896421890129,23.366323014694867,16.556320907617504,21.87556231523928,28.098583153743867,69.32327345526849,26.245114195050867,0.5025399376251243,3.873234641208275,0.055837770847236026
LIB194008,41.73511953654652,37.02793845356311,40.06708541505646,45.98557089217744,30.90641308711361,25.637426900584796,29.37019931939718,35.382834463370266,59.995985547972694,33.99739060618225,1.0236852669610599,4.807306302689683,0.1756322761942995
LIB193767,45.09637558280584,21.57127719909046,35.22022075233573,55.756761305891935,32.11198208286674,14.44,24.562173458725184,42.5211810012837,64.83762597984322,30.179171332586783,0.9518477043673013,3.9753639417693174,0.055991041433370664
LIB193997,24.683078110247003,30.335480535345816,23.120862922551918,25.746773134832537,18.185973508919684,21.20689655172414,17.545668720550925,18.644530210274155,86.3180460914172,13.299134828879872,0.0,0.3828190797029324,0.0
LIB193983,50.871996728889236,33.00002237486096,49.12307817654518,52.68727764909996,36.707106643271906,17.49224710804824,33.4149567331346,39.67922715793062,67.09966361953138,26.88911077289956,2.8616574735597196,3.0235466328024274,0.12602150120689823
LIB193808,34.33910140261206,27.131301774637578,29.932475421069086,37.975501462199524,23.207214783667148,14.634208298052497,19.338886691714457,26.924125168236877,79.07048799380325,18.35564899856147,0.5444284607723803,1.97189332743167,0.05754121943122718
LIB193820,29.06199993158195,29.037412756026715,27.30130615028093,32.36402316568449,21.113801628853984,17.133956386292834,19.57424864145503,24.54825555052107,76.25799883653286,22.13496218731821,0.2763234438627109,1.2798138452588714,0.05090168702734148
LIB193607,33.85990186514415,21.025777829448625,27.175203958188384,48.94137964621329,24.28837081900356,13.948275862068966,20.194612653998746,37.095301850048685,69.57421554006757,28.304470889003863,0.09739172779012083,1.9813129622302705,0.04260888090817786
LIB193613,29.061128948458336,25.593574846947966,27.23403757718675,33.607099475548424,21.080770655798442,15.067796610169491,19.7923313995649,25.22788504714863,74.03359268865012,23.44078053600099,0.2037791774731382,2.290971964925281,0.030875632950475483
LIB194140,46.731554432458566,22.14158982548453,41.89154110662054,53.44577980463522,32.40176501687746,12.899922720247295,28.75251189846642,39.17479674796748,68.39643743137175,25.28366342673553,1.496604172597503,4.546748546097849,0.27654642319736467
LIB193363,24.6586075976156,26.359949521490176,21.23836567673282,39.992091810849395,17.56848531095002,18.479591836734695,15.516586593456875,30.59111111111111,77.41320106829454,20.106829454406714,0.0,2.479969477298741,0.0
LIB193411,41.99582868884773,57.63422337208773,36.312299486096904,50.700930615966776,32.163471778487754,51.77777777777778,28.45260566270004,38.7530959752322,59.02555910543131,38.65814696485623,0.45260915867944623,1.863684771033014,0.0
LIB193377,22.418577615306116,23.58842498140663,21.068767556761745,23.824444351554735,16.56455493183641,18.896551724137932,15.368501529051988,17.858254105445116,87.04891740176424,12.18925421010425,0.0,0.7618283881315157,0.0
LIB193438,27.309772815430197,17.747552218717306,24.095453070326357,39.103280179388356,19.826108702900967,12.024390243902438,17.813734191258042,30.144420131291028,73.2327442480827,23.895465155051685,0.06252084028009336,2.8051017005668557,0.00416805601867289
LIB193410,26.541410788615334,20.750091127979328,26.305119617353217,31.31412797366744,19.577528174873308,14.750730282375851,19.429504553339115,24.141834299352197,69.44444444444444,24.635050298767112,0.12669238332955146,5.7843582179865365,0.009454655472354587
LIB193376,25.33054515731182,18.96237858409592,23.161082568280946,31.99007850280777,18.48835235310761,14.279373368146214,17.011144744083655,23.922537952510705,76.51608035461662,19.796284070546072,0.0,3.6593416957464866,0.028293879090823353
LIB193404,32.9768966938303,40.399576559210644,31.164706360021167,34.38503865517706,24.707217777777778,30.20125786163522,24.068983017763028,25.214988843680274,75.41511111111112,23.57511111111111,0.11911111111111111,0.8782222222222222,0.012444444444444444
LIB193389,28.162036221452315,23.662251852240235,26.980733817212162,32.08058430207911,20.713426135956638,16.812564366632337,19.885562789448958,23.893008579035598,71.57899763615958,25.288316897877316,0.13132446694205008,2.9870346935364487,0.014326305484587283
LIB194141,48.228745111889694,37.46738590544602,44.69918578331035,53.24285030066563,33.76022708298547,20.932806324110672,31.040100250626566,38.73079862437906,61.22891968609117,31.858407079646017,2.1789948238437136,4.508265152780097,0.22541325763900483
LIB194155,43.97332017025487,22.17429184325849,35.899344954651,52.63210435619555,31.5995115995116,12.80078125,25.412168102690348,40.10765141446744,65.51543694400837,29.905808477237052,1.0029652886795744,3.5147392290249435,0.06105006105006105
LIB193612,24.57213735828623,17.020613934323833,22.482187603501817,30.299953687431444,17.680525164113785,10.714285714285714,16.22977346278317,22.806539509536783,79.64989059080962,18.088986141502552,0.0,2.261123267687819,0.0
LIB193606,31.07449964418169,32.351543091876344,30.607887525822797,31.471094554047408,23.155561408129223,25.04787234042553,22.483363802559413,23.734868306296878,77.03450092178036,21.420419629532088,0.15801948907031868,1.3870599596172417,0.0
LIB193835,41.058520554041614,44.25700716277008,39.54583228520374,42.82485539508605,29.19953437667449,28.318929377620123,28.09161016676842,31.069500979948742,63.72203026551616,30.49093697455701,1.3673065907873099,4.159198832246263,0.2605273368932577
LIB193821,30.602906143784544,35.81880690509631,27.04866334367089,44.417837559681594,20.83812949640288,24.725490196078432,18.24952830188679,34.13451086956522,72.396819386596,23.49488829988641,0.2650511170011359,3.843241196516471,0.0
LIB193809,34.62235376795272,43.74073385942617,29.518090464327827,43.04402610378435,24.97137820661502,31.424460431654676,21.018510142305416,32.88991147955599,71.4802616319525,27.14895393607645,0.2829707287655982,1.0715776777844783,0.016236025420976945
LIB194035,46.844053206503936,69.24377228314471,41.829161714156825,52.34062735947259,33.76275430359937,56.76,29.002553852986896,39.669093026641434,62.85446009389671,32.44444444444444,1.834115805946792,2.7543035993740217,0.11267605633802817
LIB193982,37.12805686789548,35.94920787426229,35.138764581343615,40.9934382887427,26.672735769698104,23.586809470124013,25.136613175675677,30.356832390592437,65.65099542013272,29.028881203850826,0.8374614449948593,4.3723712496495,0.11029068137209085
LIB194021,19.790070547394063,10.895454862457827,19.61854784402224,31.926201152907385,13.42604339658599,6.518012689536509,14.540386360689745,22.383181924062427,80.24284664180121,14.159701614440118,0.06533990362364216,5.521221856197762,0.010889983937273693
LIB193996,27.992137363431922,40.91454509095757,27.453203765905954,28.56998661513279,22.15837555020347,32.857142857142854,21.92430336110313,22.37813121272366,75.66647288431193,23.785399883730587,0.024914874179885395,0.5149073997176314,0.008304958059961797
LIB194009,34.96837560087793,29.740208856547227,32.38478530741409,37.826412307769075,24.968531543739648,18.88527397260274,22.92512384375959,27.580262677854797,73.62070078079628,23.314189843195457,0.4775117764728657,2.501559441612355,0.08603815792303887
LIB193772,36.755712999454275,33.5954505873732,34.50038638793988,41.9306694202916,27.62499011154181,22.919055649241148,26.226342710997443,31.620142798297405,61.97690056166443,34.07167154497271,0.41531524404714815,3.4253619175698122,0.11075073174590619
LIB193941,47.32540021814728,32.91206015587149,42.46311445964644,51.23867450450977,36.65918690601901,23.95679012345679,33.03733876442634,40.09289363678588,60.61246040126716,34.26610348468849,0.9503695881731784,4.091869060190074,0.07919746568109821
LIB193799,34.74728479741519,40.41052211346492,32.36314740189225,37.0507892092582,25.15751750194466,27.221967963386728,23.049823174537135,27.600752008203727,72.51176056598881,24.200837130051486,0.4296773715598029,2.787346742230618,0.07037819016927807
LIB193969,36.39604898738587,27.426742962083498,32.65523755057926,38.67887234003196,26.051807080300975,18.39672131147541,23.227310995117023,27.968505516549648,77.60577278894783,19.705193043049217,0.6414209942025411,1.8810904156901442,0.1665227581102751
LIB193558,42.28996182140641,24.542339120294727,38.232046281434336,54.22108003009978,29.98993897410523,14.252225519287833,27.58490566037736,41.192263279445726,59.98680521194129,32.92099620649843,1.2535048655780967,5.673758865248227,0.16493485073396008
LIB193599,43.3920952031224,26.0,33.08803579291435,46.83133459586574,32.849441580756015,26.0,25.402587519025875,35.780305297815026,74.07646048109966,24.140893470790378,0.429553264604811,1.331615120274914,0.02147766323024055
LIB193566,25.715113380322368,22.772733753271755,22.652346723082776,31.662143965989394,19.490623822088203,15.272727272727273,17.31729267133057,24.522182440846823,80.87777987184319,18.658122879758764,0.04004900113079533,0.42404824726724466,0.0
LIB193572,28.01605430842444,18.770099574753843,27.314036051130127,39.59804786604225,19.316755860405518,11.641385231825987,19.273287628152715,29.435262383521334,68.20833647395794,25.25815934273008,0.20351247456094068,6.299841712519785,0.03014999623125047
LIB193943,38.66548419418559,31.557463287179406,39.07838478578951,47.53067223869188,27.626731521624194,19.187348912167607,29.30321195311801,35.97692030292102,56.74103838426562,32.563180712699584,0.7137570053928307,9.601353494765782,0.3806704028761764
LIB193957,32.154597275662795,39.41130832775615,28.439723489361842,41.89982251183126,22.075785504817762,26.148399246704333,18.911361238128737,32.794751640112466,73.33472978634269,23.60983102918587,0.516687613461807,2.4787040916073177,0.06004747940231811
LIB193764,23.799912349423646,24.85109500760325,20.857754475800938,30.33833140907095,18.082590151221403,17.46153846153846,15.863970097450274,24.087630724846736,83.33656455990695,16.265994571539355,0.019387359441644048,0.3780535091120589,0.0
LIB193770,26.82223370660955,18.735745755482608,26.67699213468238,27.289095730690057,19.469650460441628,11.075117370892018,18.73500482160077,20.66028504573495,82.9091989305872,16.14021190216853,0.09901970492127933,0.8515694623230022,0.0
LIB193980,33.517220879752266,41.27468958090418,29.718124859448658,38.300745638053876,25.012608423499955,35.6,22.161324624031597,29.085963003264418,73.61173209335598,25.324152731825087,0.2593221854600733,0.8047929893588484,0.0
LIB194037,32.45362281302104,36.851051545376556,22.16009415989793,38.945861789133275,24.323195187165776,36.0,16.13584812623274,31.06975798250966,81.94073083778967,17.51336898395722,0.11140819964349377,0.4344919786096257,0.0
LIB194023,28.502909494877933,23.701265788982663,27.126774575873537,31.091237297264588,21.005718954248366,21.25,19.93094944512947,23.13447432762836,75.32679738562092,24.019607843137255,0.16339869281045752,0.49019607843137253,0.0
LIB193837,37.46234002676656,27.355648660699725,37.582069287712024,41.12504870639824,27.41417494548098,14.639205955334988,27.88086104968636,32.53306291137303,64.01259995153865,30.247152895565787,0.9934577174703174,4.642597528471044,0.10419190695420402
LIB193610,26.83594783050878,21.646210195819133,25.22155655631908,34.73609407154679,19.49053770444348,14.77114568599717,18.42520443650719,26.245724866572267,72.76921406860617,23.424156896801275,0.10493559125777971,3.696265740338689,0.005427702996092054
LIB193604,33.857043220224774,16.99797148140797,28.461507730034267,37.767437079075975,25.21207142074707,11.666666666666666,20.447592778335004,29.20478828650574,78.9900317668967,19.607843137254903,0.3395771716507832,1.062547924197612,0.0
LIB194143,25.895339282950452,19.74394918479494,22.564684556745988,33.35622460299702,19.393473126744436,14.08235294117647,17.096704164199725,25.71390516782099,78.91648178630216,20.453732197810062,0.007156659271452087,0.6226293566163315,0.0
LIB193638,37.04218906030668,30.609319991591583,33.027995579547316,40.41388195783927,26.89384847239348,21.335378323108383,23.893171221153278,29.703404500865553,73.3360734347171,24.493766269351966,0.6247431154952733,1.518016166598164,0.02740101383751199
LIB194157,26.863548617032603,32.31098884280702,24.28503921233899,33.64824959570261,18.859527687296417,18.17241379310345,17.08173983301912,24.518376068376067,78.92915309446255,20.30741042345277,0.14250814332247558,0.5903908794788274,0.03053745928338762
LIB193412,21.219076068226656,25.99576236652715,18.5612472124852,37.40951630417533,14.709945945945947,18.796610169491526,13.090148022324678,29.168539325842698,83.27567567567567,15.643243243243244,0.0,1.0810810810810811,0.0
LIB193406,35.39908791626966,27.620397600982567,31.084014960513308,42.03827211621819,26.95532523230879,21.045454545454547,23.895490613508805,32.4782038675844,66.0352632832976,31.53442935430069,0.1310459852275435,2.2516082916368836,0.04765308553728854
LIB193349,38.672164405492374,33.48202324696275,35.46209573544404,46.0115496403766,28.241147111073513,23.013165769000597,26.475670845631043,33.567682535982755,59.50258015396328,33.48278487437611,0.6446155147618645,6.187293799170967,0.1827256577277726
LIB193407,38.55764572587612,35.81325920498888,35.297455103502685,42.3372977242098,27.642689269890194,21.782558139534885,25.075229625309813,31.18141865166564,69.40859179348872,27.058370256212676,0.7667116162589096,2.6815642458100557,0.0847620882296282
LIB193361,31.640942741209265,31.961807565548334,29.342674552630722,33.49038961912546,23.094982078853047,22.40714285714286,21.347343266797864,24.629040097205348,77.99539170506912,20.097286226318484,0.24321556579621098,1.6321044546850998,0.03200204813108039
LIB193375,27.6634747789949,14.47564250885694,24.62194278625442,35.98297029757315,20.182346255840383,9.168304668304668,18.650301643436656,27.288511749347258,74.17603232731406,22.086121985099126,0.07576714231594898,3.6620785452708673,0.0
LIB194156,28.561338358322605,29.277764600460877,25.366797884937398,48.30454903385748,20.537395040031242,20.520833333333332,18.566381391266184,37.945736434108525,72.34915055653192,26.674477641085726,0.05858230814294083,0.9177894942394065,0.0
LIB193639,36.481636386104995,19.14026314350496,34.35717256173317,43.099299206595155,25.69988960731746,11.977124183006536,24.780874653526332,31.48862172606269,67.32376596751301,26.71502917520896,0.6623560952531147,5.25153761236398,0.04731114966093676
LIB194142,49.4165821466154,33.89947306167046,46.378081866922585,52.10880418108211,35.4251497005988,22.04564315352697,32.60932244113407,38.13200238379023,66.66079605494892,27.43923916872138,2.1486438886932016,3.399084184572032,0.3522367030644593
LIB193605,31.21038153285234,20.014658938841865,28.591005942240304,34.19271176323109,22.138100735160094,12.440518256772673,20.124020349236904,24.882691615689097,78.71073576766511,18.518743544565282,0.24302813050610608,2.4910383376875873,0.036454219575915915
LIB193611,35.68716073552337,20.425363394531264,33.13836100675194,39.9852196951404,26.28566322123261,12.348993288590604,24.624582869855395,30.291302899033656,70.47451669595782,26.06416252122368,0.42298412320157275,2.9608888624110095,0.07744779720592178
LIB193822,42.621355238957754,48.48323869533821,39.4183591247323,47.797982631921585,31.479631425800193,34.07239819004525,28.500377472444512,37.007212925562605,60.22308438409312,35.80019398642095,1.338506304558681,2.502424830261882,0.1357904946653734
LIB193836,44.82400744198782,45.26203439073964,41.785343190043506,46.29712410995256,30.98342736248237,27.527156549520768,27.559222784136278,32.90074237008523,74.9206629055007,20.222143864598024,2.1332863187588154,2.5476022566995766,0.1763046544428773
LIB194022,20.7714205131865,23.008378985228457,19.507204037930805,29.645879348515418,15.092038513303654,16.500320718409238,14.285752629548238,22.211081794195252,80.80546640438969,17.737713161670094,0.008874033100143463,1.4464673953233844,0.0014790055166905773
LIB193995,42.21667785996524,36.84608364238214,38.20788296980577,44.77745813901964,30.94325856246985,25.038251366120218,27.260170293282876,33.527237748076146,70.80318379160637,25.789917993246505,0.8984563434635794,2.3576941630487216,0.15074770863482875
LIB193759,23.5669778310353,16.34256525923444,20.53376761442703,30.884435187040687,16.86082932906211,11.686915887850468,15.032404406999351,22.368457780879275,84.70665005635641,14.39164738684226,0.0,0.8957703031381622,0.005932253663166637
LIB194036,39.69954358636574,32.0088038606594,36.45938880791804,44.3265072782214,29.395585564848204,22.813524590163933,26.323590274185204,34.226597469996754,65.6589682600578,31.507199672625894,0.8337809151129185,1.9565717793293949,0.04347937287398655
LIB193981,36.057295253908805,20.822601082741468,31.142040849789787,39.89601600096988,26.685211287068512,13.842220598977356,23.16281651057926,30.036227266042452,74.64831550728242,22.712323466821434,0.26531796700107785,2.324295940082359,0.0497471188127021
LIB193771,33.913193407748146,24.02015877436074,29.4225343760631,44.436532218851426,23.898582139938167,13.867191342843089,20.6861282065247,34.144830256873625,70.08990440993568,25.99410113357734,0.3873352048612345,3.4895703777406633,0.039088873885078715
LIB193765,25.42484287746908,22.85360072824536,23.314123780660243,33.42434869501912,18.91985339574318,17.246056782334385,17.281277388255916,26.394549472133562,76.59189260796609,22.39247549236068,0.008831581736288969,1.002384527068798,0.004415790868144484
LIB193956,27.355195967090037,29.075466536969476,25.151602982990813,34.10152591713812,20.16979558520832,20.08498759305211,18.724353173221953,25.52888659970813,73.64610689190148,24.41621122861807,0.047909716800340695,1.8826744268578322,0.007097735822272695
LIB193942,21.98255518374975,20.590903188487072,19.459696284985636,34.747472914163886,15.69363596872285,15.191176470588236,13.995239288398897,27.430051813471504,84.23110338835795,15.334491746307558,0.03258036490008688,0.4018245004344049,0.0
LIB193573,30.445017654616127,27.458187091818434,27.68628470391184,37.72966186797776,21.939426285688604,19.594244604316547,20.358664620107444,26.89606689946701,72.53452285980741,25.5216350745514,0.0955066910864167,1.7966494005550626,0.05168597399970786
LIB193567,35.958397295877276,35.79756300701738,33.25451080718916,41.002553670569284,24.792561983471074,21.579107505070994,23.257572431957858,28.67209407507915,69.20110192837465,26.2534435261708,0.5578512396694215,3.84297520661157,0.1446280991735537
LIB193598,30.099990206689146,24.04083827078217,26.946359131561913,35.288091058185174,22.787808560693843,16.276190476190475,20.478898582333695,27.190351495618895,74.03349836721796,25.22209347238316,0.02809087397731662,0.7128059271744093,0.0035113592471645774
LIB193528,23.786720071529885,5.041074228627374,19.541981759660164,31.38115577250378,16.04097771387491,3.2429378531073447,13.416058394160585,23.722117202268432,86.05319913731128,12.724658519051044,0.07189072609633358,1.1502516175413373,0.0
LIB193266,36.29174013770573,39.7300540760446,31.2508731415813,45.729695855535255,24.659201521621572,24.39265850945495,21.10507167680278,32.90941117262204,70.9456057582934,26.449363193913513,0.6190911294683649,1.9113506256176926,0.0745892927070319
LIB193500,31.323386842698707,27.864991840484546,30.17621470880312,35.20131988733802,21.953581943081453,16.552364864864863,21.387137276785715,24.940329218106996,70.21589793915604,26.270853778213937,0.45142296368989204,2.9931305201177625,0.06869479882237488
LIB193272,29.764170345261714,22.325513911858142,29.29069332479439,30.410894850320826,22.61161251504212,18.714285714285715,22.24390243902439,23.111945392491467,77.647412755716,21.750902527075812,0.09025270758122744,0.5114320096269556,0.0
LIB194092,24.39222997972855,25.803957469844185,22.508578261325116,32.366360394155336,17.5333489132975,16.71356783919598,16.238251986379115,24.38732602901984,79.10259406403365,19.892498247254032,0.07010983874737088,0.934797849964945,0.0
LIB193925,40.48245805367057,52.575637651088975,35.083070035261684,45.694003785165535,30.013480644762335,45.31395348837209,26.885506339020193,33.40621434213991,67.71241291173682,29.91713732118564,0.6018881147709939,1.6531310549532094,0.1154305973533413
LIB194086,35.50734342551858,21.708432590106625,32.21324712113276,40.49195473386456,26.523186088346993,15.295874822190612,24.15426718021488,31.003432494279178,70.2578452928243,25.81451129322406,0.2098740755546672,3.587847291625025,0.12992204677193683
LIB193931,42.46873560281651,29.904953319848715,42.86107899975519,44.00083953614528,30.653451158347266,18.528455284552845,31.34767441860465,32.216873212583415,65.9660855027466,28.564604728922856,1.0986386434201099,4.29902077860043,0.07165034631000718
LIB194051,31.267321492014528,36.05836943077163,29.357508872787637,35.909288844848355,23.168643600252206,24.847447447447447,21.683903702904026,27.507436643124223,68.531289407314,28.631383984867593,0.23447351828499371,2.5614754098360657,0.04137767969735183
LIB194045,32.3394844255942,21.14784142319715,29.227125063804003,39.80788034390734,22.519044022442813,11.849901896664486,20.84108921850786,28.689561641438445,72.2836642209754,23.705222270176954,0.24277082434182135,3.692813983599482,0.0755287009063444
LIB193702,26.817033786890267,18.734326782673563,22.666498967387895,31.45177295702456,19.771014492753622,14.625,16.204093567251462,24.424354243542435,82.8341384863124,16.03864734299517,0.0,1.1272141706924315,0.0
LIB194079,33.058444612794545,26.50840719797991,26.012706588212023,46.85443853234733,23.936953415261502,17.97826086956522,19.029500396510706,36.96244523263092,71.91197484995713,26.86481851957702,0.08002286367533581,1.137467847956559,0.0057159188339525584
LIB193851,31.821556927480852,32.2310896070068,28.733386514338044,40.67256345256255,23.203828429634882,21.49019607843137,20.92313067784766,31.195669607056935,70.01063452676355,28.199220134704007,0.2304147465437788,1.542006380716058,0.01772421127259837
LIB193689,38.934995969949625,51.97392028232149,36.35894193444245,41.037284417122606,28.47869429615598,35.9625468164794,26.690970140304593,30.06234478668594,70.6503645026118,27.210454815069934,0.723265024969864,1.3719074679983927,0.04400818935001818
LIB193879,30.692895171392514,12.680927801984264,28.901878390755833,39.64851651999894,21.231452455590386,8.870619946091644,20.79157667386609,29.32414910858995,74.29467084639498,21.26436781609195,0.522466039707419,3.918495297805643,0.0
LIB194125,28.983093703476282,23.903033866174155,27.825208700823257,43.68982257595069,20.583747783592095,15.29207788743665,20.248804930023613,33.34062655395326,64.59369458980237,27.920252562383773,0.08649396704579856,7.360636595597457,0.03892228517060935
LIB193892,30.626847545429072,33.71499991861479,29.08550185075801,35.37243665162196,21.83747927031509,22.847560975609756,20.649875621890548,26.18192627824019,70.3150912106136,26.273394930111348,0.4975124378109453,2.8666192845297322,0.04738213693437574
LIB194131,49.53553840309128,37.77686681908211,39.690169032918014,53.61557823924296,34.54061166611309,25.325,26.33641435589974,38.46272144741802,73.0805590331894,22.200362809473926,2.664861135951353,1.9673471473466364,0.08686987403868264
LIB193886,40.36060410045856,37.67466504602086,40.0808810060969,40.903051048329395,29.375780036515245,24.104507181773155,29.18508703246401,30.1397510373444,67.73578221652996,27.288334196255825,1.16630787257814,3.61064937188326,0.1989263427528136
LIB193662,21.501594341486697,23.131508093219228,19.236723114501242,33.49569348742914,15.391374469864404,20.133333333333333,14.080545144804088,24.73573866406631,85.23385699778986,14.569022161161222,0.02986679409832149,0.1672540469506003,0.0
LIB193448,40.57504420528758,57.313718997471284,37.289589685595715,43.83414687697746,29.608437705998682,42.23853211009175,27.448704103671705,32.05312208760485,61.37112722478576,33.48714568226763,1.0217534607778511,3.7244561634805535,0.3955174686882004
LIB193312,39.34700576594232,34.635674112969745,35.07606721392168,41.73948599714872,29.292091503267972,22.097112860892388,25.4014828544949,31.783809323813525,73.20915032679738,23.947712418300654,0.40522875816993464,2.411764705882353,0.026143790849673207
LIB193474,25.459564554657554,16.956562151568342,22.43467717535232,34.32666134989096,18.24829795754906,11.475,16.635138776610077,24.54407836153161,79.1149379255106,19.483380056067283,0.0,1.341609931918302,0.060072086503804564
LIB193460,29.97305047568712,29.97145534659971,25.707634711403017,37.678302576547075,22.67594246498073,22.89830508474576,19.562818219347736,29.50468136514648,74.86133308263608,24.22675566419103,0.01880229387985334,0.8743066654131804,0.01880229387985334
LIB193461,36.298079669843894,35.54359265124313,30.021975600620618,44.72728099747971,26.27232780402065,23.82261208576998,21.935175054704594,33.53278810408922,68.81247940239481,27.754586400087884,0.18675162034494122,3.2022410194441395,0.04394155772822147
LIB193307,31.401906580302764,20.397157843719498,28.4962203456414,37.67034668790834,23.238839764986043,13.73354952033509,21.115142551967793,29.073671285739344,71.17760730807518,25.216177704905235,0.19909820226035016,3.3895492963244913,0.01756748843473678
LIB193313,32.55069820067787,24.73164918772534,27.704989795540342,44.32266232664646,23.598103670421885,16.71680216802168,20.131966804226565,34.4951871657754,70.34259473388616,27.414186131025144,0.13214840265618288,2.101159602233308,0.009911130199213717
LIB193475,38.98398455260069,39.09122657082958,38.977773994581625,38.9773807980586,28.45644421803362,26.688975356679638,28.739156859495,28.337079435990507,65.44501855760134,29.428716978385854,0.9649952696310313,3.942944472745797,0.2183247216359799
LIB193449,30.735853357431054,37.7961895969944,28.382222636674403,36.66747141824225,22.048339184445044,27.045454545454547,20.325842696629213,27.085928489042676,71.6716176073454,25.99243856332703,0.351066702673508,1.9038617337294086,0.08101539292465569
LIB193663,37.67681911847278,24.39397855259222,32.333728321219965,42.7968786860618,27.83157830665287,15.796064400715563,24.362112219298783,31.806843820506394,69.70905106823301,27.755797674843265,0.21303792074989347,2.1882037859881915,0.13390955018564732
LIB193677,33.51818822502798,33.26266642011078,32.35204970121633,34.44021970284419,25.112085076087922,22.66289592760181,24.20631856968712,25.932474565146045,75.66966272136692,22.32357390762659,0.3070214470054285,1.6463468897392544,0.05339503426181365
LIB193887,32.105442170187935,24.202044455444113,29.618672145587915,33.985064371606164,22.632414489825372,14.220883534136545,20.604480494399382,24.42776827181618,80.67542213883677,17.044306537739935,0.23091355173906766,1.9483330927983835,0.10102467888584211
LIB194130,50.83585394060087,35.93195504945952,47.32612486877988,53.30280312520124,37.967816942345294,25.292622442653443,35.144724789741026,40.2113606340819,64.51672567774665,29.398086984093432,2.2036674945833115,3.617291127199704,0.2642287163768959
LIB193893,38.77203095050238,48.80551613614607,37.37073195805609,39.70678133642517,27.34238903575901,30.24750830564784,26.13328705310656,28.48264318462994,71.95631000417421,24.833031863086127,0.9496312786976485,2.0592736886044247,0.20175316543759567
LIB194124,40.285473234247824,38.49765686286808,38.754521773532986,41.894650036888905,28.34994271283934,22.667862266857963,27.21834941667867,29.88278816199377,69.51621577384431,26.513433254612202,1.1784787336030116,2.660930156429022,0.13094208151144573
LIB193878,37.93412475801979,26.748730683104228,36.88579308195562,42.57941184576547,26.639067988794523,16.840099273178513,26.137421798527473,30.872853535353535,66.86157677086577,26.56854462181511,0.8137311574547557,5.596069189381475,0.16007826048290277
LIB193844,39.629134899262965,32.88513312210358,38.02876172421985,43.452920530040245,27.944255139397352,20.284667418263812,26.687504536107415,31.74970241760046,64.8282174035483,29.536750211208112,1.0419600112644325,4.433962264150943,0.1591101098282174
LIB193688,35.481558452427244,18.060384729568398,32.777091414355,39.955983704606965,27.297582037996545,12.295827633378932,25.910062565172055,31.25309616318601,67.45826137017848,28.37651122625216,0.18134715025906736,3.9234312032239496,0.06044905008635578
LIB193850,36.08548114340345,20.300879778218324,32.960338308334734,51.15574565873657,25.627580336241753,11.78214971209213,24.482501521606817,37.93273542600897,61.72589912747392,32.90061715258565,0.42562247286656735,4.852096190678868,0.09576505639497765
LIB193717,42.26387704765986,30.86882372992759,39.0389344335301,45.787748880580004,29.903177445550327,19.88012909174735,27.200420603825766,33.18999943113943,68.95154013798081,26.667499548855485,1.5616541040269856,2.7207484834603477,0.09855772567636974
LIB194044,33.512102460315916,22.98332022676802,31.92992392108538,45.090978801437,22.305677533821246,11.881689832548977,22.24205951186894,33.038078370599955,68.7447327567088,24.695054335772898,0.5544466622310933,5.872699046351741,0.1330671989354624
LIB194050,35.961008895452544,30.64202157558362,32.08113175451561,38.805930771646636,25.529353433069215,20.915137614678898,22.55317861618912,27.931967058095353,76.18448277506032,22.03056914290073,0.4100041000410004,1.3453855468787246,0.02955843511923491
LIB193918,41.75067457985122,27.3377276186473,37.85875057929718,45.88260143838946,29.188970927549608,19.10810810810811,25.04711802378774,33.91417550626808,70.41993539455468,26.00369173973235,1.4997692662667281,2.076603599446239,0.0
LIB193930,34.883895841619854,19.70378467286888,25.360725756811277,39.83788943963893,25.735103283898304,14.282608695652174,18.71696504688832,30.26987925595562,81.06461864406779,17.63771186440678,0.2184851694915254,1.0791843220338984,0.0
LIB194087,42.62313312947944,35.659060624912186,41.93222526768606,50.517290584954104,31.040849018822588,22.99186046511628,31.13075023155295,38.44972067039106,53.91970364437325,36.46876251501802,1.2865438526231479,7.984581497797357,0.3404084901882259
LIB193924,31.170206448794396,22.626158465792717,28.753101729295313,47.2148841075575,21.139764346304624,13.238694177501413,19.860673193937384,34.737126626351476,68.58873557617771,27.630617262076147,0.28127837700161684,3.394166242165179,0.10520254257934487
LIB194093,35.84260638366054,34.0957485742468,33.27815265363041,44.00612926256841,26.120664193350862,22.803423848878396,24.082880569001283,34.17087411986948,63.57021935669776,32.067860101574034,0.572704678889169,3.7279832871087417,0.061232575730288515
LIB193515,38.708803335558265,51.048627240076044,35.53922370260547,42.234096251597585,27.94577010117146,35.10041841004184,25.26717919795779,31.294110841143123,69.71845047923323,27.89203940362087,0.913538338658147,1.389443556975506,0.08652822151224707
LIB193273,31.971521606902833,52.10129487389188,29.26603384934879,36.99503977031388,22.605400585912623,36.17391304347826,20.319628762251714,28.266718913270637,73.8313590625398,23.602088905871863,0.5859126225958476,1.8405298688065213,0.14010954018596355
LIB193267,33.691496239326725,32.60606329731418,29.749869155030744,37.68602857045232,23.720595927698238,20.543773119605426,20.424994435789007,27.5540087219054,77.12769048956739,20.90202840149563,0.4533390162155879,1.4743204758122324,0.04262161690915783
LIB193501,30.14550827103759,29.114991259648058,28.52115254936437,35.33909885612904,21.920526682229593,19.896296296296295,20.844023681554035,25.967143262948586,70.42634230249416,26.868575173035183,0.19863210058565753,2.4634475979850103,0.04300282589998772
LIB193529,35.49321682050995,32.75290418024694,33.72005271078158,38.509775207734606,25.401730782232438,19.790983606557376,24.359382203780545,27.844696266022662,68.83239807991346,27.239537556622274,0.5543911838280036,3.2722601582043134,0.10141302143195186
LIB193503,33.27023545827605,28.46388554533519,27.950794374521447,42.12193792295239,23.800438224003805,20.553763440860216,20.02049501331523,31.533004670472238,72.14729761864321,25.408499507422633,0.12908924143085232,2.260760267690322,0.05435336481299046
LIB193265,26.9833318265861,18.0936929659536,25.355192908862414,36.45851216713392,18.207072691552064,10.076461988304093,17.65409007846931,26.549788633161107,75.29874032127586,19.526175892753958,0.24037905928579684,4.893100658731076,0.041604067953310994
LIB194085,29.597160951520333,22.483056208498517,28.191303051579432,38.557535409334776,20.865363002922006,13.999643409009865,20.408008487896886,27.689684210526316,68.87221847606205,25.906102494942683,0.14610024724657228,4.980051697010564,0.0955270847381434
LIB193932,30.067940515692342,19.943067114311326,30.329070421586053,30.46584202388841,21.414661601238215,13.511111111111111,21.892358013678262,21.56649395509499,77.52919656676515,20.28985507246377,0.08442380751371886,2.0683832840861123,0.028141269171239623
LIB194091,16.193471625982983,12.14084016862095,16.32721925430318,,11.47164514317799,9.738461538461538,11.537296037296038,,78.60752386299832,18.641212801796744,0.0,2.7512633352049414,0.0
LIB193926,38.08795289813122,21.69480943559983,34.30963787258163,41.7829767682218,28.78743741465635,13.782234957020057,26.851023502653526,31.65788013318535,69.48869670763162,26.82445759368836,0.19723865877712032,3.3985738127749965,0.09103322712790168
LIB193729,31.55205895568781,23.22622541804439,29.63275145619564,45.22653602078718,23.998669770535418,16.056603773584907,23.009049773755656,35.23351648351648,60.209511140671765,35.733288992351184,0.04988360492184902,4.0073162620552045,0.0
LIB194046,44.708215107966545,28.927943213215666,41.76301865589808,47.299344652829554,31.172548908259746,16.39000764720877,28.24390137464543,34.04185779816514,73.3780061898407,21.354950452880548,1.971946960447486,3.015417814247991,0.2796785825832647
LIB194052,38.652296555203414,31.756603441683716,33.15901920789623,46.50380267007441,26.613196880526484,19.333131801692865,22.697155493014375,33.56494861293563,70.34760676079205,25.225408053808017,1.075580552575885,3.2383382135505756,0.11306641927347579
LIB193701,43.643042511007025,23.607929228397328,36.37696209104732,49.38833956287536,30.030910711391996,13.149357072205737,25.944490669202423,34.83921678714296,72.22897423432183,22.42343218279047,1.6853022200615784,3.524550315994166,0.13774104683195593
LIB193846,39.03193677144447,34.33273236897551,36.313898104384016,43.799320896639124,27.963782175656448,20.917189460476788,26.428794028120016,31.574242331849504,65.39688699176476,30.12978053723106,0.8623291510369508,3.363083689044108,0.24791963092312333
LIB193852,24.969879982539467,19.75039556565893,22.95847294949628,37.03930785107838,18.31383503121919,14.609375,16.93286219081272,29.160326086956523,71.96845218534341,25.43542556687479,0.0,2.5961222477817945,0.0
LIB194132,32.791422845752216,23.74848673780902,30.72749667348748,35.65591514688428,23.62870641430683,15.572890025575447,21.626791620727673,26.64188833289439,75.5427378916553,21.518216863279324,0.6579519434219299,2.263702501376772,0.01739080026665894
LIB193885,30.761801987829998,22.142563163470392,27.37037581553848,40.4608926289983,20.335798816568047,16.32758620689655,18.503325942350333,26.676646706586826,72.63313609467455,21.153846153846153,0.14792899408284024,6.06508875739645,0.0
LIB194126,42.874441562923195,31.351843111135537,38.00942693722663,60.07347315701599,31.120715254018464,20.345921450151057,28.011624968410413,46.00946585530764,55.94861532502744,39.55199793428442,0.903750564844103,3.369698534633013,0.22593764121102575
LIB193649,35.77210591628706,54.472383842675356,33.60396565185634,40.33751877414216,26.22489789627803,40.583959899749374,24.278365560014592,31.19016959798995,66.30577175001926,31.563535485859596,0.6010634198967404,1.4641288433382138,0.06550050088618324
LIB193891,32.82367845830704,27.132126618714647,30.316272925862194,39.5848520612935,22.95268295373077,16.399860917941584,21.119413054477988,29.395079594790158,70.40202944907075,25.18060993768268,0.40809573705398994,3.876909502012905,0.1323553741796724
LIB193661,30.331345367456812,39.56445840290353,28.129881032137558,36.679728753376324,22.032645840871627,29.368715083798882,20.738278407318848,26.253742656812584,71.800747798818,26.599123547621918,0.1688577976118683,1.4071483134322358,0.024122542515981185
LIB193675,31.083426072566635,18.008652750515967,27.01929956577507,44.773132285890235,21.86599465731697,11.408089707649179,19.609058102777855,32.90736145574855,70.59019951581935,26.3857584105518,0.12939310459971617,2.8445613156356955,0.050087653393438514
LIB193488,30.837993888204142,36.015752855958915,28.83201755073061,32.87995111981606,22.675828704533238,23.991596638655462,21.9305868688939,23.49349760438056,76.84644328973303,22.361583945529475,0.035835871707579285,0.7238846084931015,0.03225228453682136
LIB193463,28.267234305884553,19.437426766988317,26.37752578140051,33.85312788964666,21.407635467980295,14.186440677966102,20.55668257756563,24.956386292834893,70.77175697865353,25.656814449917896,0.041050903119868636,3.5303776683087027,0.0
LIB193311,45.24156237271606,34.63371919812404,40.296423860196406,49.90246398614566,32.49721125269715,19.50824175824176,29.156872986854705,36.37042436022028,65.73708423238203,29.727639132027843,1.1806375442739079,3.175507877702235,0.17913121361397222
LIB193476,30.712617363504673,34.33116312290611,28.331921075983878,39.41180548770711,21.58030784674586,22.23967809657103,19.967995758218454,29.174656832616268,70.53705872511293,26.038146227204283,0.30784674585912664,3.0148904132507948,0.10205788857286263
LIB193310,29.629700986660612,26.29249955112766,27.155611803400987,36.23362255949622,21.247284426917986,17.011168384879724,19.61250716700607,26.585717581910476,72.72610793958117,24.674344774568286,0.13809205187705537,2.4372535341599875,0.02420169981350455
LIB193304,37.40662381800999,40.90849614806499,35.819339003885645,39.512731332345176,26.945569620253163,27.187275693311584,26.155593853224186,28.297877716018192,64.3610195942431,30.634645396219874,0.6936015259233571,4.0887809953181895,0.22195248829547423
LIB193462,28.433207317898233,42.43922383006369,23.360942936378695,30.07761205345683,21.08615863141524,23.82456140350877,17.357449088960344,22.59529620590193,88.21150855365474,11.057542768273718,0.06220839813374805,0.6376360808709175,0.031104199066874026
LIB193338,21.032875026691624,22.03603360088889,20.271287140364645,30.861107002308348,15.426686769694685,16.297520661157026,14.957464324917673,22.906759906759905,78.2510365623822,19.66327428068853,0.03769317753486619,2.0354315868827744,0.012564392511622063
LIB193489,39.75586596286592,18.435006100165634,32.978616201407156,51.52170953612471,30.237562704220167,12.715691951360741,25.260816723383567,42.206657963446474,61.90804915090432,33.94541856505132,1.1229232822495283,3.0052004233973033,0.01840857839753325
LIB193674,40.234574281637315,27.505280047344343,35.86781428580187,45.670826436554655,28.867879228810477,17.616637579988364,25.224132423406417,34.188577725917284,67.76427791924337,27.68424881775191,0.9094216078574027,3.5620225536558747,0.08002910149145144
LIB193648,56.79151646107287,70.60453243241541,53.102064633050595,58.454644008198066,41.61885827889804,56.526315789473685,38.208130081300816,43.2294718153573,60.238568588469185,32.54757171258165,3.6353308719113886,3.2377165577960803,0.3408122692416927
LIB194127,27.869649323409725,26.451321315368332,25.367657646009196,38.39892105056229,19.980632880257517,17.84437919463087,18.44275659593431,28.23718640410035,73.33411757157066,24.58266049257291,0.166828861393021,1.8896576800094107,0.026735394454009773
LIB193884,27.629852016620273,28.294841212059954,24.514544870709205,34.72533857172282,19.654334912399428,19.433634992458522,17.35010157280781,25.98714121699196,77.5035716971201,20.807579517256936,0.10827881795623731,1.570042860365441,0.01052710730130085
LIB194133,29.936536712597267,20.67624392472859,27.111579737181163,37.3002400936817,20.655711756742683,11.978567949342425,18.686162813804067,27.58950054684652,75.38269290846611,20.870561282932417,0.2228470269707383,3.4385087993335417,0.0853899822971988
LIB193853,42.00883184639784,42.99029205602808,37.575569384725185,48.63216345470196,30.53041288717653,29.127365356623,27.613149247143067,35.61529401867586,63.14807511452234,33.39501865728241,0.7174711039650518,2.572581379122046,0.16685374510815157
LIB193847,25.298503897300918,24.720682310389684,23.509339483663283,34.73144081358081,18.672668619017113,17.130543933054394,17.460603588907016,26.770102912960056,74.09169946005308,24.041365425093804,0.032030749519538756,1.8326164546536103,0.002287910679967054
LIB193700,32.845828124692645,40.635831889273945,31.57297891636269,33.74896668643086,24.10376827896513,27.9375,23.72861105184553,24.369121860778694,75.98425196850394,22.815898012748406,0.18747656542932134,0.984251968503937,0.028121484814398204
LIB194053,34.84621149006356,31.34574222371446,38.38488821366732,33.55300492706227,25.268053016453383,21.77777777777778,28.5914362176628,24.136546184738958,79.38756855575868,18.761425959780624,0.5484460694698354,1.2797074954296161,0.022851919561243144
LIB194047,43.61754091957925,53.4246405666864,41.176011915143825,45.8524071589323,31.55507443605922,34.70480549199085,29.368838927757253,33.93850870074836,65.21918429625964,30.689925357746713,1.5258361169532764,2.334116870798796,0.23093735824157696
LIB193728,48.09382640159006,51.76194072349574,47.26737378889551,48.47016308452003,34.52006189897204,33.15257048092869,33.35305189567088,35.46553267681289,64.94970708522162,29.11462363214325,1.9453962639549023,3.7526251796175525,0.23764783906267273
LIB193927,24.71904630037332,7.558725313054374,25.41006969276245,65.72518543146151,17.45888157894737,5.791044776119403,18.51492537313433,60.6,66.94078947368422,29.111842105263158,0.0,3.9473684210526314,0.0
LIB194090,29.11001714207219,21.54928048361945,26.163112954612533,35.09281419173899,19.74111704767744,12.277021276595745,17.811813451532085,24.90803050695379,78.19333742080524,18.487051472949695,0.36203322530729026,2.89042655688885,0.06715132404893287
LIB194084,35.61656712523881,22.427397932551933,29.673516654940226,41.27194465457024,26.326495847824543,14.381780250347704,22.146407747801167,31.269098149677042,72.58381243050134,24.726145692857312,0.14432062838621146,2.4558165945063526,0.08990465374878746
LIB193502,33.89872254682645,23.823271728754406,30.20862139100376,45.55542047965899,22.924373682978224,15.148275862068965,20.689028420356905,32.368586387434554,69.53874970732849,26.340435495200186,0.39803324748302504,3.6993678295481147,0.023413720440177945
LIB193264,28.58400313712812,18.952856954539545,27.908517391926765,31.99765118228234,21.228249173010244,13.310737258782781,21.12803363271546,23.612535612535613,70.53126619106452,25.59882029412937,0.035869435255669366,3.82208760113188,0.011956478418556455
LIB193516,45.06011809233043,33.24258744822919,41.63420716571733,49.87762518009592,32.9764952292297,22.10759493670886,30.739881539980257,37.051150895140665,61.90365371189201,30.74237840353735,1.489411217128229,5.748196416104259,0.11636025133814289
LIB193512,40.98582479694766,31.18233256313052,37.14887715404166,48.34378146463538,29.952427886194886,21.36116504854369,27.349771791161082,36.143104110641566,60.312766936066765,33.64872856298049,0.7227807346080558,5.112031013864248,0.20369275248045207
LIB193274,29.03150784756376,34.72442532693254,27.505771455769494,31.806516551786356,21.040985732814526,25.976190476190474,20.080442045746594,22.87939142461964,74.98486813661911,23.406830955469086,0.19022913964548205,1.4094249891915263,0.00864677907479464
LIB193506,28.356771597043227,34.93607901188596,25.43840410650988,39.00402175814079,20.104219169173238,23.76306620209059,18.075388540941777,29.449448672154062,75.49792699780505,23.49944448960789,0.1571687938649974,0.8292008779774003,0.016258840744654907
LIB194080,35.73510035230017,28.398546734778506,32.58607456561008,41.37726617241178,26.817329989115517,20.833526011560693,24.311028644323322,31.945031712473572,66.15872414935403,30.62798731721168,0.19639392361932706,2.974303156499929,0.042591453315034784
LIB193937,40.36141864800273,24.15522717756966,34.03028094031588,51.65354661682161,30.01851553695057,16.4375,25.90866388308977,39.77804759592035,60.82756399935598,34.87361133472871,0.1932056029624859,3.92851392690388,0.1771051360489454
LIB194094,40.78123352622535,35.23180077444107,37.12061244779915,43.21058685986232,29.275741710296685,22.54350736278447,26.442199641362823,31.446618813751417,72.27368326844767,23.716829999552512,0.957622947151743,2.931042198057905,0.12082158679017317
LIB193923,27.915927963272992,23.666300078828623,27.245123598889595,30.445462216351718,20.101536568082647,16.547985127122903,19.809868760040008,21.845345680983556,74.28859135493977,21.426173870883527,0.19486816096669526,4.068921791668221,0.02144482154178943
LIB193710,40.81917398569702,24.15798403781003,37.39682525240038,46.23106048099855,29.546791395188002,15.430843373493977,27.42212086659065,34.22216776933758,65.44243439012848,29.15589851854548,0.7425472281876752,4.5426418665598955,0.11647799657845885
LIB193704,25.70188708497827,42.95923407634693,23.77768297478118,40.85097796551129,17.805131448188636,32.11430575035063,16.558573394946418,31.79870729455217,73.5951757159635,23.884271388562652,0.14003071641521367,2.3579365796368235,0.022585599421808655
LIB194043,40.506952371893064,37.26207378094426,36.99719741605595,50.87891357598113,29.304681020469097,24.25799214806506,26.92898027898028,38.721194879089616,58.16109876256511,35.03964436187506,0.7879109577679727,5.747603091928474,0.26374282586338454
LIB193738,52.18649671630127,58.36418231910542,59.73924707658811,48.41376138503053,35.76244097348347,35.266666666666666,41.065110565110565,33.49524815205913,72.21213221939702,22.230294224482382,3.632401017072285,1.5982564475118053,0.32691609153650564
LIB193843,38.10283715022532,29.1162053192531,34.551868557953,44.106091530837126,27.33068326495968,17.307552320291173,24.427844117374804,33.16408227848101,67.58240203706323,29.200735606167775,0.8091667845522704,2.3341349554392417,0.07356061677747913
LIB193857,34.09638137033791,23.241561494935997,32.18955504185762,35.76276433613133,24.326576321802673,13.977409638554217,22.622004547839776,25.997472980328123,78.20863781362412,19.142100857446664,0.5067758647994389,2.0791384810298412,0.06334698309992987
LIB193664,38.047230509410916,32.03351048434827,35.68261821039136,41.03279763427749,27.45582944588849,20.28662570888469,25.619042861424717,30.16578034682081,69.48427521388119,27.183998072056877,0.7436352056185771,2.489112285473293,0.09897922297006523
LIB193670,21.812378754964207,19.05304128880587,21.63521694265106,46.771133072536195,15.589069574055253,13.646323529411765,15.53014025663981,36.85,71.32957590316917,25.28411715790446,0.004619791185438418,3.381687147740922,0.0
LIB193658,32.37714651073997,17.850825817839763,28.093479043055343,35.87579989382577,23.96816429019819,9.039647577092511,20.092433697347893,27.618072594974194,78.83149493318984,19.89507667473769,0.3587122231190028,0.9012644605864946,0.013451708366962604
LIB194137,37.971163484240094,35.737415670245085,35.84494521736889,40.196378792296535,27.65513367782521,24.44570707070707,26.17047790339157,29.388930188551733,69.50284045318868,27.037262894373654,0.8280643194145778,2.5451744391308533,0.08665789389222327
LIB193880,31.050964348866973,22.540353190325835,28.858048293480724,35.74257859984327,22.280133100807827,13.029034436191763,20.84703257177113,26.447955500325463,73.09920420149538,23.741656142882917,0.21849379597891233,2.8845190129693106,0.05612684667348207
LIB194123,34.38860207929293,22.89688821023359,29.197335429809584,48.71224817425734,23.080219988621277,11.982167352537722,19.669199457259158,36.6599918267266,70.24464251849042,25.70642897781149,0.4741134079271762,3.4705101460269296,0.10430494974397876
LIB193894,48.96123832479262,81.95863219517727,46.93046480906563,50.59613059977204,37.275477224522774,66.40579710144928,35.54125076390304,38.79001512859304,57.88809211190789,37.98101201898798,1.5452984547015454,2.51994748005252,0.06564993435006565
LIB193499,33.891681471333364,52.484995132934834,28.58830675311235,82.19880082545521,21.32073611567532,36.99068191444303,18.133816312222482,74.36054421768708,66.47633913900755,26.675977653631282,0.583305948077555,5.911107459743674,0.3532697995399277
LIB193466,35.86401650875983,18.526391216105875,33.139381866865,39.71117475017117,25.25281195079086,11.779510022271715,23.561348627042058,28.3013328182345,72.91739894551846,23.866432337434095,0.8260105448154658,2.3725834797891037,0.01757469244288225
LIB193314,30.809865256027106,29.694293532193495,28.454834215582814,35.32932514149217,21.565321675228795,16.498931623931625,19.732588937938196,25.91561617039774,75.59963256557684,22.10560337495322,0.42016806722689076,1.820161262885721,0.05443472935732997
LIB193472,25.703144297242826,15.939933546959393,23.02377984222438,39.648767632484805,18.043891958256598,11.785185185185185,16.27584919746174,30.614864864864863,75.35297728667895,22.191528545119706,0.0,2.4554941682013505,0.0
LIB193328,32.07518494624421,20.46401383084378,29.451798348829318,36.6068456493689,23.326934795856186,13.051724137931034,21.472791105909888,27.467561521252797,72.76051188299817,23.552711761121266,0.4570383912248629,3.19926873857404,0.030469226081657527
LIB193315,43.28875320483556,27.227362616336993,38.24031382465148,49.212943349320696,31.252047717771813,16.618705035971225,28.33993254142836,35.9850479324653,65.69010637936307,28.535499439214217,0.8802637392516058,4.598443394623255,0.2956870475478367
LIB193473,34.76623196238654,28.54195437210647,31.459598307780386,38.89317927705603,24.763917341235903,20.455571227080394,23.081000987816925,27.18441099962839,71.72179239841684,25.28689910300523,0.22673481970604029,2.6551840728733667,0.10938960599852822
LIB193467,26.14253642498172,21.169713194957477,24.324415511651072,32.100175126836774,18.95681953543776,14.673359073359073,17.610340249868155,24.18083082775971,75.31539336184959,22.396989550056855,0.07580269641020088,2.2050462937895934,0.0067680978937679345
LIB193498,31.840524594392825,25.525395285185557,28.56934021967961,39.691662778615346,23.416528351410815,18.401847575057737,21.255014014749502,29.658773968622892,70.33234261010539,27.50221947736133,0.1273787007372525,1.958930018913807,0.0791291928822326
LIB193895,28.939824836001712,53.941635125383435,25.8078032584511,33.85909474731948,20.32028535980149,36.65,18.013221725482737,24.559726962457336,81.79900744416874,17.400744416873447,0.21091811414392062,0.5707196029776676,0.018610421836228287
LIB194122,36.85044093784052,45.09634131501136,36.34806163142871,36.944183040777325,26.54957012358947,31.48,23.044753086419753,27.754495412844037,83.89306824288018,14.051585169263836,1.07469102632993,0.9269210102095647,0.05373455131649651
LIB193881,30.454644289461953,29.396651654425206,27.92531384495499,38.577732763206285,21.12272737963638,17.99385474860335,19.73430379331825,27.470483641536273,70.78580332572854,24.489027918244467,0.2798880447820872,4.308864689418351,0.13641602182656348
LIB194136,47.8172511698759,57.25292146573733,46.905456723047095,47.89664388142764,33.924186645116876,35.51588065447546,33.0140648011782,34.4938803746275,66.95399718655533,27.19762952321092,2.0412439017090183,3.39409176618479,0.41303762233994795
LIB193659,28.53340949356455,14.91467232534193,23.67750593275056,34.03538100077426,21.405576334580076,11.078043704474506,18.75492483151892,25.310440193592992,79.67018021081265,18.592315538932336,0.01360081604896294,1.7069024141448488,0.017001020061203673
LIB193671,33.57174234123502,21.750678714464918,26.733094733049146,51.193232233689635,23.3822275512923,13.934560327198364,18.73094833964399,40.383196096370845,71.19637623234746,26.798561151079138,0.09992006394884093,1.895150546229683,0.009992006394884092
LIB193665,37.586922994384075,29.27969420282318,37.3215352439078,38.87189096382919,28.0015479876161,19.438423645320196,28.618042226487525,28.53073770491803,63.68421052631579,31.73374613003096,0.43343653250773995,4.024767801857585,0.12383900928792571
LIB193856,24.80791763308683,19.402197891446935,21.642670144949978,31.937789545363533,18.38940591161838,12.060377358490566,16.24414989363443,24.456502827316225,80.33362598770852,18.694761486684225,0.04682470002926544,0.9189347380743342,0.00585308750365818
LIB193842,36.83080055404852,26.023774964042843,34.50437414278466,40.33275376046182,26.814662167383634,14.63136620856912,24.891722475221002,30.549146024205406,69.70969320728472,26.3414131526751,0.5383684088508798,3.348703021560496,0.061822209628809154
LIB193739,49.197645489172764,39.60468741091726,44.042307980215725,54.57836158655797,34.640839160839164,22.829116945107398,30.418808877534726,40.19421990128049,64.12237762237763,28.664335664335667,2.1188811188811187,4.7972027972027975,0.2972027972027972
LIB194056,34.82807437108612,28.564029754422226,30.846249731054577,39.33562457948161,25.312144669643143,18.80955497382199,22.18015184053719,29.412400187881634,73.0992837182411,24.37285195772974,0.43844152506986156,1.983425946744612,0.10599685221469181
LIB194042,27.717853317420207,33.40195154437053,25.97467661991925,30.3923951940552,19.910187133837667,23.25,18.352885737366485,22.581645773063325,79.56885273875206,19.134292702349125,0.13651100619987486,1.1375917183322906,0.02275183436664581
LIB193705,24.405358431606043,35.195458225746684,22.989275643565424,60.09907164589494,17.006818892711916,23.587412587412587,16.26012751980421,50.82539682539682,73.97560212699406,25.342508601814203,0.03127932436659368,0.6380982170785111,0.012511729746637472
LIB193711,42.275657864415024,64.4847610189394,35.34102183971658,48.44417973551742,30.344272076372317,40.37614678899082,25.831006493506493,35.23320519860882,67.24343675417661,29.55165359699966,0.8182748039549949,2.1991135356290488,0.18752130923968632
LIB193922,27.231795242900056,20.358747946650684,26.240806347700158,36.816984641965476,18.88425520742167,13.111866326819598,18.54266849383331,26.801652892561982,69.7181865919832,23.284614038158587,0.27131104498512165,6.7083843864869594,0.017503938386136883
LIB194095,41.49059625623089,27.706891794273417,36.741174820997514,44.445759503688734,31.26238420388814,17.88967468175389,27.325972396486826,34.11427773120983,70.53885965293784,26.094898447353543,0.7263080067846736,2.5920932457704517,0.0478406471534815
LIB194081,42.5494849718511,84.94904605427841,40.71742592513214,43.17969251042735,30.603997648442093,58.42553191489362,28.46077861708309,31.813995215311003,71.02880658436213,25.808348030570254,1.1405055849500294,1.88124632569077,0.14109347442680778
LIB193507,47.07126269331164,53.51776821908323,50.822325066546554,44.31310805884666,33.33993838980934,30.282296650717704,35.12698013578074,32.63926015930876,69.17825326783782,25.043709932561818,2.2812421946549,3.030555324286071,0.4662392806593955
LIB193513,36.11712339706712,30.827010654620217,34.39303062123224,40.922933746223876,27.32453519256308,21.587268993839835,25.981052999214178,31.932725862737495,61.885790172642764,32.86299247454626,0.5312084993359893,4.637007525453741,0.08300132802124834
LIB193505,32.250968977691194,23.0140637577793,29.146632014101467,35.96523298220669,24.27503681885125,15.256410256410257,22.229096533527432,27.287053841500303,72.87831369661266,24.498343151693668,0.09204712812960235,2.5174889543446244,0.013807069219440353
LIB193263,28.733345948077687,21.084341593506178,27.24021052731616,30.641375198624033,20.895642201834864,15.450539568345324,19.89341156747695,22.292001709202502,78.62385321100918,19.922371206774876,0.12879322512350036,1.3143966125617503,0.01058574453069866
LIB193277,22.85074800252029,20.298016431433652,21.756005795286377,35.89738233362675,16.70872725630954,14.000178699070764,16.137978490239053,26.794442869294016,74.86839134949659,22.403720258250935,0.020768431983385256,2.7044110343582104,0.0027089259108763375
LIB193511,30.63698706785873,37.65773029754702,28.96448240303825,32.10655717943768,22.582287961055982,27.337209302325583,20.774817518248174,24.38886679920477,78.84291331211384,19.546901329339075,0.3182924545965175,1.27316981838607,0.01872308556450103
LIB193539,30.699119741385722,17.708634749207828,25.174040996582395,34.97763841958499,22.9014659937515,9.212765957446809,19.14821474441305,26.382701962574167,80.11295361691901,19.0338860850757,0.0,0.8531602980052871,0.0
LIB194097,40.439452748874764,31.49910645952215,36.90101322333672,54.78834214047927,29.86358235091779,21.71008840353614,28.136841385285333,41.024667472793226,52.85187154069858,38.44085180899965,0.5456705963288409,7.728509334250602,0.4330967197223178
LIB193920,33.58347248365109,22.9816013718978,33.65775339062943,35.22622104707494,25.59601706970128,16.708569118835893,25.851108068360464,26.97984331646809,64.84744680233402,30.359682991261938,0.27868900049351175,4.488054112114263,0.02612709379626673
LIB194083,30.450695602389796,26.460058021234687,26.684996756955695,32.46616285834634,21.81324647122693,16.673352435530084,18.468510158013544,23.820411291352663,85.45863996461173,13.230385651666868,0.257369204166164,1.0334982104797523,0.02010696907548156
LIB193934,39.95330124536848,35.07432656112221,38.14637819253015,44.40814841962732,28.446798237672763,21.364369205965335,26.920851395450782,33.27602212127197,62.24877783813145,31.785261633170382,1.1437020942724365,4.650250467740962,0.17200796668477278
LIB194068,47.83154120080775,39.409468338081716,46.09513638469741,50.204652058664,35.22203548085901,22.538053097345134,33.43923974857827,38.40215679146977,61.85496420790538,31.80205415499533,1.7989417989417988,4.3012760659819484,0.24276377217553688
LIB193707,33.919185961904915,32.64078149583733,31.838198042350065,39.52118687511132,23.46586691982394,20.399907961343764,22.121408135340218,28.08003777594145,69.19248583182302,26.420413681999943,0.5580967175858002,3.6765340467765597,0.15246972181467736
LIB193713,57.972396207546296,20.904544960366874,60.37759193813068,57.7971003398294,39.92332268370607,12.75,36.29896907216495,42.65865384615385,69.00958466453673,22.044728434504794,6.3897763578274756,2.5559105431309903,0.0
LIB194054,33.79947163689338,37.218131993860545,30.100094881387065,39.37904088166056,23.871855555979693,22.19526627218935,21.27459511723471,28.435443037974682,74.3901973508417,24.056189640035118,0.4924227965034164,1.0268351337939459,0.03435507882581975
LIB194040,36.47398091814033,28.34243246901842,33.51000503939552,44.04316683196333,26.764469145266386,20.11413043478261,24.96184560780834,32.57930565010211,62.41855116903028,31.88961287849751,0.4982752012265236,5.00191644308164,0.19164430816404754
LIB193868,33.91963047391399,24.393202605097457,32.305163323302914,39.376657950781166,24.074761216218967,14.601666666666667,22.987372887063103,29.399246833276276,68.27077775288679,26.525874182840152,0.5356088222715516,4.600533572286826,0.06720566971468139
LIB193854,39.16101827720587,36.39267096092841,35.52442609873094,46.380394117506604,29.843727022451738,27.235992089650626,27.161170199199123,35.98952525764487,59.96648484123048,36.77946683538243,0.41551957045878146,2.753030898924437,0.0854978540038645
LIB193840,31.23139526746231,33.71749942451042,29.571094084308886,33.146386907040096,22.37118160456529,21.8,20.874013357619916,24.32427146489341,76.95535414568647,21.164820409533398,0.3776435045317221,1.4770057066129574,0.025176233635448138
LIB193698,37.19557287540406,55.4143100896498,32.08886044518208,42.53796390193265,26.808965085151222,38.75423728813559,23.15411264320505,31.26472230574288,73.34776252586812,24.930227259782423,0.7404454063906134,0.9473904045869643,0.03417440337187447
LIB193673,29.224618667305197,28.887297136092137,25.73746475327164,39.49810235579788,20.2744552250676,18.501909854851032,17.77305138063614,29.74330385749071,75.63225703833308,21.706166162981813,0.2703992365198028,2.359365887280632,0.03181167488468268
LIB194108,32.09275209950819,34.707856374568095,27.55629392963345,47.34092766384647,23.343028540265408,23.08235294117647,20.175569078205996,37.721144024514814,69.27831303399383,29.08562079621887,0.2363206689692783,1.399745500818033,0.0
LIB194120,30.595539936294774,32.08625527819938,25.861663643337373,44.28360514976807,21.956330678385058,27.52777777777778,19.036687631027252,32.93270524899058,71.98571820928316,26.503707772589948,0.0,1.4831090359791266,0.027464982147761604
LIB193897,34.39492972024074,33.86654911100401,33.204040086439335,35.33959989156758,25.031880575763644,24.46793002915452,24.272340640980204,25.65967689295039,75.07397272464348,22.725755856637523,0.3492847449331465,1.7842443658368374,0.06674230794900887
LIB193471,32.57073805544,37.451301713024606,32.051942507334246,32.83138027126535,25.29080530700401,33.4,25.160126296797475,25.34929577464789,77.67664301141622,21.613699475470533,0.0771366862079605,0.6325208269052761,0.0
LIB193317,27.614108849855363,45.55829201160304,25.463458894138935,31.1804588815816,19.80117631151974,29.833333333333332,17.867436305732483,23.719062092922275,79.73228772309356,19.098161168199027,0.33802055164954026,0.804488912925906,0.027041644131963225
LIB193303,41.42315240199393,27.730849247724095,34.8532044789203,48.41301060974634,31.51499522445081,21.507246376811594,26.967267377712393,37.29562657695543,62.865329512893986,33.25692454632282,0.40114613180515757,3.4383954154727796,0.038204393505253106
LIB193465,24.800529323134768,18.6009096246006,23.53785914330853,30.159705894998293,18.691762038831403,11.54170616113744,17.883324702226826,23.869286557598247,75.86749058466489,21.200043877289847,0.036564408205053196,2.892244689019708,0.00365644082050532
LIB193459,34.910914707467334,25.447399228694348,32.240895685216785,46.35611712092136,24.809760374050263,16.785063752276866,23.64611711838225,33.16218856863703,63.82232612507306,29.612312487823882,0.34093122930060393,6.13676212741087,0.08766803039158387
LIB193458,34.45282501017314,22.795247041241577,29.779167824401224,48.28865889951028,25.011654257041112,15.276255707762557,21.765893728073927,37.72168674698795,65.83360310780188,31.965037228876657,0.07769504694075753,2.1107154418905796,0.012949174490126255
LIB193302,35.46309569129073,64.59972323798488,36.18291530586301,34.08660386135815,25.067730455745608,47.027272727272724,25.173471381129126,24.532605203983294,78.48697049707268,18.998966823556422,0.926032219798722,1.4655799181112004,0.12245054146098802
LIB193464,39.61136640368096,23.144290842761173,30.07277305467514,47.274919741682716,29.092135358629992,14.295612009237875,22.16315789473684,36.235008103727715,71.15125212597502,25.769749574804994,0.24045510527241803,2.750571813969855,0.08797137997771393
LIB193470,29.672553034665693,23.279009444169965,28.12419624098053,34.91607269055516,21.97439375953875,17.304093567251464,20.827947200728264,26.355855855855857,68.74682041716127,29.116499915211126,0.016957775139901647,2.102764117347804,0.016957775139901647
LIB193882,40.53472680133436,31.414202403945517,38.53877262817764,41.165757972730624,29.598858256752994,22.93661971830986,27.308804871859934,30.31765426758939,79.90531885268727,17.5494291283765,1.2225006961849068,1.2531328320802004,0.06961849067112225
LIB194135,34.410347822313845,27.14853183412803,31.798060171487606,39.08633801155077,25.162048894062863,16.497326203208555,23.316377448424817,29.121276879925205,70.16065192083818,27.529685681024446,0.3352735739231665,1.9185098952270079,0.05587892898719441
LIB193896,51.692859315812875,41.836097809226274,48.12316320694593,53.732803229341314,37.77247306763996,25.72639225181598,34.274228284278536,39.996364297400476,66.07405663154177,28.203920645199272,2.496026373108848,3.072938129157591,0.1530582209925237
LIB194121,40.72897632154984,36.99619367250136,40.528560728631085,41.10886045492361,29.17660615061583,21.50904392764858,28.22865450700502,30.348276940955618,71.53867820653983,24.36432540393824,1.3315238265946279,2.6476839167285484,0.11778864619875554
LIB194109,34.87769558896144,26.934311627683062,32.20927788179206,37.904741247477716,27.635013812154696,21.183673469387756,26.282792240426172,29.377056778679027,67.05801104972376,31.284530386740332,0.14874628134296644,1.4901189970250743,0.018593285167870805
LIB193666,29.07480480162112,18.016402782763524,27.413170394434292,34.298278551167435,21.956601021152444,11.87076923076923,21.12952223142778,26.035110533159948,69.89423778264042,27.206418672501826,0.05470459518599562,2.8264040846097735,0.01823486506199854
LIB193672,31.71705658014375,33.97200133933825,27.221896076289617,38.360589058136796,22.193508967401073,20.4,18.61315457774722,28.73471065885497,76.37566042482838,21.381590770226072,0.3630090213133019,1.833015850195881,0.04672393343636559
LIB193699,25.32576645548218,17.00833129185028,24.47954286027455,31.71494777053735,18.540129326740207,11.4,17.99020979020979,24.134615384615383,73.83035374667173,23.88740966146824,0.1901863826550019,2.092050209205021,0.0
LIB193841,28.369852235513893,20.19496097045327,28.4546479229139,30.305780651702257,20.876151484135107,12.30373831775701,20.69787644787645,23.744318181818183,75.38382804503583,20.573183213920164,0.2047082906857728,3.8382804503582397,0.0
LIB193869,40.104448124027385,23.569807267068214,33.68389587162134,44.69176308361358,29.429984114376488,15.267556179775282,24.615566269802223,33.55529535127578,71.73947577442415,25.1131850675139,0.5599682287529786,2.4622716441620334,0.12509928514694202
LIB194041,28.400197895481647,25.67286766769166,26.465433427098795,33.33004605932628,20.14439930790642,17.905391658189217,18.64385811254653,24.475073732280467,74.56806840693096,22.42659043606911,0.17427718849519797,2.8197798339978433,0.011284134506883321
LIB194055,33.891922834151764,21.581757681686707,29.304796812425327,40.343004082470195,24.327751292015545,12.533078880407125,20.889353109114964,30.303851640513553,74.44813909699131,23.288329794479388,0.25639998397500097,1.9710748768078201,0.03605624774648451
LIB193706,29.603423319042495,38.643421298609624,26.846557091202918,40.953924391983584,20.954624972665645,28.917874396135264,18.88321550144017,31.632609469562123,71.77454624972665,26.815001093374153,0.2241417012901815,1.175377214082659,0.010933741526350318
LIB194069,28.85852575345586,19.37538142606244,26.183747375595388,41.81938808379306,20.413106731913768,13.28095537397863,18.876150551353323,31.442142298670838,69.69977516201561,25.929109906097075,0.046290173257505625,4.285147467266234,0.03967729136357625
LIB193935,41.04560860774879,31.42463781518695,38.808501868125255,46.13439529963251,30.039284522151497,19.102949615517044,28.7445392045949,34.846438109434196,62.21526490866608,31.667031158277602,0.7366567294743264,5.141633766502837,0.23941343707915608
LIB194082,27.449301333539218,38.93869015399839,24.844051249440483,37.99327793989704,19.642031171442937,28.09659090909091,17.971127030130695,28.15134660421546,76.11865258924082,22.962658256775903,0.14168837698249462,0.7632889985831163,0.01371177841766077
LIB193921,30.54148003540308,27.652378770141514,29.41351364005717,38.029344790041996,21.753097040605642,16.469723953695457,21.710813856631876,27.666987256552055,64.17756366139022,28.38609772883689,0.25464556090846524,7.075017205781142,0.10667584308327598
LIB193538,32.92388997203244,40.525712002793156,26.92083363164038,35.363363566507275,24.870472944184066,25.666666666666668,19.886363636363637,27.20778405524168,82.06220707285897,17.170856412441417,0.17043033659991477,0.5965061780997017,0.0
LIB193276,21.90715974132958,26.583829671437485,21.09032085117723,29.256635217081133,16.176033934252384,20.833333333333332,15.632438739789965,21.753521126760564,77.8897136797455,20.890774125132555,0.0,1.2195121951219512,0.0
LIB193504,27.35267668521555,42.67528390198603,26.139279682845935,29.06189929813563,20.12534719567821,32.31654676258993,19.352400015397052,21.292675332762514,77.75144611777897,21.063629182274546,0.10702545676936014,1.0575134418877252,0.02038580128940193
LIB193284,30.791622340488985,22.212609031808938,27.811232940911047,37.69773816938157,22.89050079491256,15.676422764227642,20.873859947441645,28.757046979865773,68.76987281399046,27.176073131955487,0.11923688394276628,3.9248807631160574,0.009936406995230525
LIB193509,24.746403071076717,17.20873916118168,21.40276227836261,27.857244284973305,18.264549436795996,13.306532663316583,15.757368380122871,20.92054356514788,85.76736545682103,13.55209637046308,0.0,0.6805381727158949,0.0
LIB193521,27.15503253887339,30.76967635699873,24.759823960647974,32.85487022938794,19.96912746096755,22.371482176360225,18.606007117437724,23.71413646226794,77.3414274131515,21.592066693000145,0.054052930292509516,1.0062160869836385,0.0062368765722126355
LIB193535,44.784882077691556,27.6358470456167,43.23074735567294,45.69933848623115,33.094636410520884,19.09853249475891,31.584198645598192,34.01760684940965,74.07942238267148,22.470345538937597,1.3151108818978856,2.0835482207323364,0.0515729757607014
LIB193910,31.67220096964832,22.437132980547414,27.76246471057875,38.18171028123282,22.70869383198437,14.758269720101781,20.30249468620651,27.6354,72.78816634105499,25.237231370360035,0.13257047167178343,1.7862126709461346,0.055819145967066705
LIB193938,38.901670205451424,45.61609860436165,37.66528651129673,39.859756391079955,29.088665140086206,32.80334728033473,28.92137344009233,29.180454020777223,68.31896551724138,29.411368534482758,0.5893049568965517,1.6264816810344827,0.05387931034482758
LIB194070,41.21443921734227,23.69890625946136,38.649466167603,50.572584857976075,30.096,14.4375,28.66203925323121,39.70145817344589,61.45,31.95,0.8750000000000001,5.65,0.075
LIB193723,37.505370817235345,33.138805572660715,35.88777798350499,38.88834378128338,27.16339632014368,19.208695652173912,25.487787660595792,28.88105982905983,73.67737251380424,23.13571141978257,0.8234777126043678,2.258354190947477,0.10508416286134624
LIB193737,42.92787142786729,41.12394506507651,40.653867989085185,46.365638266566165,31.087603799090605,25.299098196392787,29.658432816865634,34.260000931402224,61.570197152437636,32.44500623233441,1.123575779919594,4.569793367391725,0.2914274679166447
LIB194058,31.448449180851117,31.889956135523004,28.511959898950973,34.71348520641029,22.440296316761927,20.801860465116278,19.895858553679517,25.64831407686866,77.45160677591475,20.809518053564954,0.27628602510749256,1.4366873305589611,0.025901814853827424
LIB193870,41.66654985784409,50.95745187269584,37.86027825831434,47.080698901088404,29.68725285323903,36.065761258041455,26.902223449799752,34.17141344003766,66.13513368697423,30.374537855650217,1.1027166050474202,2.2783046669881584,0.1093071853399775
LIB193864,31.525785685769883,27.460935592912953,29.871769399612756,34.92813506744012,23.598707993753877,19.655437921077958,22.225354035147586,26.751138878042433,70.36086333397506,26.479710795952855,0.2438554835397549,2.8984577210207707,0.017112665511561743
LIB193694,38.100435130131544,38.05126913216966,36.17017067403471,43.0548635630554,27.34930633670791,24.730330831248263,26.20216133609868,31.277578441102374,61.82789651293589,32.87589051368579,0.7892763404574429,4.311961004874391,0.19497562804649418
LIB193858,26.346789834396695,23.286321783269223,24.7510886168564,27.71593148280049,19.846478741774398,16.79650238473768,18.48926994557963,21.09297929397283,82.732067018248,16.185186913707007,0.030335557940915667,1.050077005647081,0.0023335044569935126
LIB193680,43.82926951147416,44.31396297799165,39.22147280126074,60.553791133843006,33.08627952564334,31.459722222222222,29.89288800864242,48.36407324550501,51.468809520499384,42.701830972208704,0.8522292816527409,4.681004879812037,0.2961253458271351
LIB194104,44.77079325553678,36.181482984845424,38.268343698271245,50.86228110196424,32.39090253108348,23.504335260115607,26.77914038775987,38.57640949554896,66.17728685612788,28.84658081705151,1.595803730017762,3.2804174067495557,0.09991119005328597
LIB194110,35.43721635713405,21.572499870035312,32.71022347230581,40.54171333615803,25.265249537892792,11.568123393316196,23.44901171943327,30.129942196531793,71.99630314232903,24.58410351201479,0.41589648798521256,2.902033271719039,0.10166358595194085
LIB193657,29.072978132976896,25.16752989092912,26.71834555290058,35.60003435953905,20.89987163029525,17.01435810810811,19.248917830391086,26.368314150304673,72.35681315379783,25.510064731106436,0.05462540627645918,2.06757162756398,0.010925081255291836
LIB193482,28.522175650128688,28.231188426986208,26.086130910798495,34.94970822858408,20.576081424936387,16.63157894736842,19.28099173553719,24.850526315789473,73.63867684478372,24.834605597964376,0.18659881255301103,1.3401187446988974,0.0
LIB193469,34.208751820911374,23.07780575307259,29.79271410562831,41.68913296990849,24.672139371551054,13.868094701240135,21.630623225227918,31.238443457821887,70.24216719113421,26.966753317827337,0.1641811465316733,2.5767318830665387,0.0501664614402335
LIB193333,31.330685504292973,30.329382264916454,30.462910192505095,31.67846097852812,23.75876388739079,22.1,23.041730474732006,24.060631355289118,84.05242152950059,14.674792363283357,0.22651278179268686,1.0354870024808542,0.010786322942508898
LIB193455,34.724428170471036,15.376993248817566,31.004696093452836,41.741402196453954,24.776667740895906,9.197095803081282,22.11430404538394,31.8167201215395,71.91003612802551,24.14980409450956,0.573299184151161,3.3363298675305733,0.030530725783197925
LIB193441,26.546129322789962,20.34761697111979,24.946330548359747,36.86049233966345,19.60253802977304,13.456865127582017,18.541877915230177,29.253109452736318,72.13861547221995,24.85967623850972,0.06507768648824534,2.936630602782071,0.0
LIB193440,32.735469663746116,25.0682637990464,29.334912426784012,41.24812613977333,23.844636251541306,17.667342799188642,21.565615615615616,30.910818146568438,67.6839293053843,28.853267570900123,0.16440608302507193,3.2778462803123714,0.02055076037813399
LIB193326,33.96099795633264,30.251282561543693,31.54768046883185,35.868556945174035,25.23817639539838,20.89855072463768,23.253164556962027,26.96486801242236,75.43672773753728,22.390285470813804,0.17043033659991477,2.0025564550489987,0.0
LIB193332,29.436437690360915,30.554491045948108,26.367459185264106,36.53914549681247,21.548577470203767,21.753101736972706,19.234391210662128,27.92219041327167,73.93118031526336,24.613610149942332,0.14225297962322184,1.2995001922337563,0.013456362937331795
LIB193454,25.47741393492674,17.904493147296087,24.566290177096878,47.82674335466156,18.705375298382105,13.320598006644518,18.335075376884422,37.366812227074234,67.93386968437804,27.955087967465296,0.06188665900450889,4.035894262222615,0.013261426929537617
LIB193468,28.38715819089665,15.0,24.823488474212656,30.7371677880145,21.107253564786113,15.0,18.38179148311307,23.10305958132045,84.43893366398017,15.251084934903906,0.09299442033477992,0.21698698078115314,0.0
LIB193483,35.72671439106164,27.776220749195918,33.03161717412569,40.44583218250588,25.92097510059092,20.685677530017152,24.274581619428634,29.195707597459787,67.16443037761579,29.00890587383626,0.39057896597585817,3.345174161181165,0.0909106213909325
LIB193497,24.082340478690423,18.886780709987455,25.269678690425582,48.22816650004481,17.52839823057179,12.922131940414006,19.036819079329437,36.558241758241756,60.14690623122713,27.792037573043526,0.008191797280323302,12.041942002075254,0.010922396373764404
LIB193642,43.6508866121276,26.347681312764625,35.275681378618465,51.19921186964697,31.371979098628348,15.004658385093167,23.14596670934699,40.41746781815219,69.43174395819726,25.57152188112345,1.714565643370346,3.1760287393860223,0.1061397779229262
LIB193656,25.31862667583036,19.318043720491296,23.3365437096954,29.94390952627458,18.99470717624416,14.228021978021978,17.613481015815996,22.736936936936935,79.26175419301622,18.920126477866372,0.08592246356887545,1.7012647786637338,0.030932086884795162
LIB194139,44.91925473458225,32.46254251697896,40.63479753152482,53.15099546183562,31.895118733509236,17.205555555555556,28.32036316472114,41.45309734513275,62.796833773087066,30.277044854881268,1.7810026385224276,4.749340369393139,0.395778364116095
LIB194111,40.700764166885534,34.407902471764324,36.73680235919628,44.10902517386195,28.691606858466567,22.026926382125467,25.701001531754446,31.649393366422437,71.57335208587561,24.292126000537756,0.7807814018904218,3.1717305425138056,0.18200996918240295
LIB194105,33.643091872994695,15.210812644062633,27.794850024917867,49.01056792820664,24.539996404817543,9.482889733840304,20.87531359759157,38.67047184170472,65.95362214632394,31.224159626101024,0.07190364911019234,2.7143627539097612,0.03595182455509617
LIB193681,28.714290298506107,26.963656797229635,26.29319953462521,36.72496996520273,20.967638800077843,18.907878787878786,19.351910257329223,27.427368130350732,72.70149295226445,25.44135227557063,0.1084267007701076,1.7348272123217217,0.013900859073090717
LIB193859,34.061238496139815,48.243190249043494,32.00208442349627,36.7617988710788,26.071860567407082,33.945945945945944,24.91680563275894,27.71124889282551,69.6393226303057,29.40950076973829,0.2584121398724434,0.668022872223444,0.02474158786012756
LIB193695,41.150676932459234,32.941706960855356,37.23029139195294,49.4710263519749,30.16030136902392,20.939767282683093,27.301331957602475,37.70287798946088,59.79602462405439,35.686502710483595,0.8177391197819363,3.604790052372056,0.09494349330801506
LIB193865,31.877014298312346,22.389952137285974,29.708111290676303,36.902132290431624,23.147083685545223,14.286580086580086,21.74191181375492,27.312483364386477,70.4945054945055,26.563820794590026,0.18174133558748945,2.709213863060017,0.0507185122569738
LIB193871,30.493141637899736,36.20305324728524,27.794542109567097,36.22779562567623,22.26075407168828,25.596638655462186,20.534181426295568,26.478187529083293,73.86814536881776,25.180548868560425,0.16436172862052364,0.7753224976341873,0.011621536367107731
LIB194059,28.99418143168509,57.95256681114306,25.280106060286215,39.88680922131463,20.852912369649133,48.189655172413794,18.381463485386902,30.11025641025641,74.66151984789998,24.722014172956154,0.028806821455320618,0.5473296076510918,0.04032955003744887
LIB193736,20.22079593553721,22.11836843490546,18.5450495734795,25.41529711907851,15.162466030798743,15.828282828282829,13.85523537025683,19.956380045124092,87.41940640485959,12.228912452709544,0.0,0.3516811424308627,0.0
LIB193722,29.22340805145806,22.80908234208767,25.37725364023192,32.44616051858715,21.04425828632303,15.312617702448211,18.135372079830848,23.82475094710257,82.26278962787207,16.43706268309808,0.12589884512020919,1.164564317361935,0.009684526547708398
LIB194071,51.505451515505186,24.34912694608313,49.29578516064438,52.87618792263984,33.024228301913276,14.580576759966073,33.470467686452466,33.70141982686805,76.51426886957987,17.28968682884375,4.150816266370948,1.9680231333960332,0.07720490180940215
LIB193939,16.461181114704583,11.163098085259632,16.69144032016741,44.57867474205847,11.448947588514079,7.650784427658338,11.804323548181237,34.324175824175825,79.79509339280736,16.16950097574575,0.0,4.035405631446891,0.0
LIB193534,36.66315922015369,34.789092020120144,34.25596629246046,42.44231959973667,26.84635520926365,22.916437603078613,25.241222070223436,31.70178858060078,63.271842567213824,32.14868652027963,0.6159342182254935,3.8649872193649717,0.09854947491607896
LIB193520,34.90813069884632,41.101188453713746,33.216171369259484,35.758770080312054,25.47797242666114,21.692307692307693,23.775962337302687,26.601930240433457,78.01389032859957,20.31719705607961,0.6841505131128849,0.9536643516119001,0.03109775059604022
LIB193508,27.11132764569385,28.697481676019144,25.133409882448596,29.259977385427774,19.668004817342432,22.09090909090909,18.448918717375093,21.07003546099291,80.81091930951425,18.225612203934162,0.0,0.9634684865515858,0.0
LIB193278,28.02812307565381,18.356758652749512,25.502824626439725,35.65783648476765,19.163647528400368,12.214285714285714,17.007762557077626,26.854041013268997,77.83236106846792,19.128031931225053,0.368437212158428,2.671169788148603,0.0
LIB193536,30.532854891239474,24.97517353521202,27.277819130243373,37.136022584929684,22.534232926589254,18.180987202925046,20.27495339619568,27.94262765347103,72.67885258807321,25.46988781735879,0.1045561897264318,1.733172603818146,0.013530801023420587
LIB193522,24.116608710425744,15.016055664216331,19.293155748005184,30.88707331357575,16.80094311227049,10.433734939759036,13.940375891121192,21.957288509231194,86.29477275007524,12.380856827530852,0.020066218521119696,1.3043042038727801,0.0
LIB193913,51.48129715242399,47.74327369888075,47.93856343467652,56.34606740139128,36.86134626690182,27.189908256880734,33.98549125613725,42.20039378691752,57.639623750734856,34.51499118165785,2.751322751322751,4.58259847148736,0.5114638447971781
LIB193907,44.57332719559416,32.65459565942942,38.82352847084961,50.42909656046107,31.09521806198289,19.701262916188288,26.476048851483895,36.68312877054296,67.84061542159986,27.019852955906803,1.5756155217661316,3.371596850772282,0.1923192499549252
LIB194098,37.07518589635509,29.287907972370753,33.00593088200746,43.460472090085275,27.13838295850491,17.319417475728155,24.03298029226438,33.20197679415556,67.82546721571111,28.733766233766232,0.5741210009502692,2.811213177066836,0.05543237250554324
LIB193708,37.670336961077396,29.727109619635367,32.66629454927927,49.778301182222314,27.682767464582316,18.744394618834082,24.457712486883526,37.71143133930734,63.248045920859795,34.21775769418661,0.4793600390815828,2.009037616023449,0.045798729848558865
LIB194067,27.051993067318485,19.426929837811848,24.36329294886944,32.46161467404576,19.439880852492028,13.978075517661388,17.709289546835606,23.58176517360191,78.12552441684846,19.4621580802148,0.09649270011746938,2.2822621245175365,0.03356267830172848
LIB194073,36.59390603320157,29.077994461529872,33.490712657928846,38.82322776977937,27.81586911291848,22.571428571428573,26.13454419250347,29.15507889546351,72.41346699451485,25.283714772082465,0.17022886324947986,2.052203518063174,0.08038585209003216
LIB193734,29.088529316383095,43.63629138602324,26.059261481175245,46.40937224239058,19.84639131360443,31.82962962962963,17.92488262910798,34.91386554621849,72.6740472642112,25.6546731956568,0.34064296359378327,1.3093463913136043,0.021290185224611454
LIB193720,33.39329314528153,49.91554041129262,30.714179195054264,35.988812210706,23.33568869915109,31.189233278955953,20.896670443650308,26.309785452642597,77.20938220717404,20.560380784140538,0.5839344423180726,1.5457088179007803,0.1005937484665587
LIB193867,32.61434024601393,24.370231087646793,30.01101811160635,38.22804808655659,22.925162383507484,14.106413994169095,20.8913950254905,28.47199769053118,71.70290878282971,24.211616304245506,0.5836392732749695,3.4641814929869152,0.037654146662901254
LIB193873,34.77520906702967,28.040130605985727,33.51916262735379,37.986839826445156,25.959869342043863,18.391518131530425,24.952639688589734,29.27007494646681,65.67895473635092,29.304713019132056,0.5366308912739151,4.442370508632758,0.03733084461035931
LIB193683,29.23045204043513,19.528428101929542,28.64750036331533,33.34425895598135,21.485970290025936,13.66646989374262,21.354974556939815,24.810998929172403,70.83663801419048,24.700435146084757,0.08788664766028596,4.327881503076033,0.04715868898844612
LIB193697,33.63122283499725,30.67509284019719,31.460738209865433,36.98071022602825,24.169716742281356,18.994339622641508,22.82725187959012,26.73763575980612,72.60539328133761,24.420995395150467,0.38571986882126047,2.4910366858676998,0.09685476882295968
LIB194113,31.241668583048423,24.006259446461822,27.022929730484403,38.592203111450466,22.012525442304682,13.364532019704434,18.98347245409015,28.81268644999215,74.40112728980742,23.015500234852045,0.15134909451490006,2.3954908407703144,0.0365325400553207
LIB194107,33.804442855452635,23.746416548489915,30.977045715942474,39.997251841609085,24.125214650024347,17.193861990087687,22.37507412113511,28.779607321652065,70.2783402106774,25.419688853576645,0.2422021170259118,3.89830074070277,0.16146807801727453
LIB193668,34.1162281390901,26.992607904549285,32.011235559051364,37.70907698233641,25.60010424940429,18.68217433888345,24.120891759189632,28.641665068098984,68.07486100079429,28.35583796664019,0.19112390786338362,3.321088165210485,0.05708895949166005
LIB193898,43.989087042392015,38.11343852028672,41.579925675852735,47.29683741069331,31.355451019229182,24.660578386605785,29.972884937054317,34.00586940572267,64.07939258892466,28.73648592886028,1.1430222002145745,5.611950152678056,0.4291491293224396
LIB193481,34.87870347358289,20.027332570865017,27.801015741610772,40.81171412532392,24.877900005213494,11.351247600767755,18.655425878128156,31.288388552672068,78.20760127209218,19.349877482925812,0.40925916271310153,2.0228350972316353,0.010426985037276472
LIB193495,25.526171808162047,24.009789670049173,23.692184743665877,29.925721829162576,18.95141788719227,17.59,17.33301638068894,23.32601409915636,79.51386724836398,19.753817388594577,0.028046120286693677,0.7042692427547522,0.0
LIB193318,36.4825283479838,24.823429319330682,30.735787718313446,42.92338071586545,27.05751166945197,13.030837004405287,22.639866177422835,33.25455260055024,70.18382988532242,27.58024549069325,0.1901688468852648,1.982366161470639,0.06338961562842159
LIB193324,29.62910214406821,25.440438704611545,28.4786535888279,31.576450500433566,20.979491913151662,15.488549618320612,20.098672659596883,22.780247925417477,77.36485130633703,20.142874342818157,0.32106593891720514,2.139101818035879,0.03210659389172051
LIB193442,36.70998855744205,37.667434428672685,31.01500337686141,44.97358762724144,26.60989213607449,28.589041095890412,22.810193257773903,33.24786814305715,69.76583387111643,28.63464552410805,0.255831105374758,1.2998985894717434,0.043790909929012634
LIB193456,22.745465683303273,24.2548964128895,20.51552207385259,25.763047124833623,16.92390289449113,19.7,15.347826086956522,19.296208530805686,86.1811391223156,13.305322128851541,0.0,0.5135387488328664,0.0
LIB193330,28.287144921535205,73.6506392821316,52.935597561352694,27.332949775904275,21.704339963833636,31.583333333333332,36.142857142857146,21.373715872281352,95.47920433996383,4.177215189873418,0.14466546112115733,0.18083182640144665,0.018083182640144666
LIB193457,36.56399395146578,30.73697134688571,33.454492904863585,41.93323013783363,26.224547864887587,18.95243619489559,23.811173184357543,31.354626684840223,68.63292448966395,27.244508633140047,0.8061908559849972,3.2301524002500486,0.08622362096096226
LIB193325,35.27449088427643,83.03412952916811,28.70046821046421,47.79273836421477,25.247639034627493,71.16666666666667,20.362303385763795,37.406197372852816,71.09606028808547,27.358580559000284,0.33387389106171894,1.1828674997615185,0.028617762091004483
LIB193443,27.552144820210547,17.859534231411608,23.67313022849971,34.65967722700665,20.361735825150458,12.37037037037037,17.904250350303595,25.89989888776542,78.7139689578714,20.36743744060817,0.0,0.9185936015204309,0.0
LIB193319,60.14465207077083,15.772942473923953,38.06282564460268,76.3612918037288,43.85304789550072,11.012605042016807,30.07346189164371,59.823652904128764,51.814223512336724,39.296081277213354,1.7779390420899857,6.785195936139332,0.3265602322206096
LIB193494,33.378760605243116,24.287727165211138,31.37298578239008,36.76036219017583,23.935760425572337,16.755520504731862,22.43212329763001,26.87407812073204,73.25923814952027,22.713023653462525,0.16861404008739433,3.7736297140685853,0.08549444286121402
LIB193480,50.3341281220751,65.51053067736233,44.77138774717941,59.11999158161948,38.29721636908062,46.42962962962963,33.85328578706062,46.674239893083865,51.879782632804705,43.34035710324942,1.7855162470888322,2.650548963069757,0.3437950537872907
LIB193655,34.872803766946916,27.60337712258101,30.143064420680965,39.14987561427126,26.507698994163665,21.517857142857142,23.065488047808763,30.050364230092942,72.2153234819322,26.164162423941388,0.11175959269837327,1.4963367689059976,0.012417732522041475
LIB193899,40.25984743367721,55.30147958522329,39.01739456969266,40.777328379577696,28.907557391117784,36.98250728862974,27.1248710719934,29.941210606195874,73.3694486161768,23.943359794035615,0.9976399914181507,1.5983694486161766,0.09118214975327182
LIB193669,36.057067828008144,27.024126235922818,35.89863877798525,37.10420041861879,26.495532103377883,18.226067976301838,26.857241857241856,27.185897909433404,70.91630397103572,24.837268420444477,0.5623387127835766,3.6032045603358624,0.08088433540037746
LIB194106,34.72958406118682,31.02133097592511,34.31031717264084,35.79674850490084,24.520125283220047,19.402071563088512,23.73437911943053,26.312519660270524,72.8441956550713,22.391043582566976,0.8529921364787418,3.825136612021858,0.08663201386112222
LIB194112,40.79851213252666,21.009757114087083,38.01261166024434,46.199754718079504,29.65224677909291,13.518929833417467,28.513682660449135,34.25267737617135,67.56572745365035,26.977060856813655,0.5970461925212108,4.561642400754164,0.2985230962606054
LIB193696,46.56023306283952,50.03959077425975,42.58272358434739,51.95380893115621,33.73821968875126,31.94262683736368,30.41014594396019,39.285461468332706,59.8493066924397,34.50561155052368,1.7219274541904181,3.5858695437779837,0.3372847590682262
LIB193682,23.69272752598524,37.73862588244497,20.586636012461636,29.315647206559557,17.39109832458961,28.41747572815534,15.271007371007371,22.011438627364715,84.89761380944321,14.601455407006261,0.033846674564224064,0.4603147740734473,0.006769334912844814
LIB193872,31.689921285972154,24.73435909089747,31.05185511748734,36.011637149733716,23.329444444444444,17.274924471299094,23.051509054325955,26.76658163265306,64.0,30.583333333333336,0.19444444444444445,5.222222222222222,0.0
LIB193866,44.19634740491195,34.63551714092122,35.58979440985095,57.80330687524967,31.571428571428573,27.80952380952381,25.253841775754125,44.302285714285716,63.0085146641438,33.2639545884579,1.1352885525070955,2.5733207190160834,0.01892147587511826
LIB193721,26.771922458005026,30.250038123623053,25.55411521125436,34.38093437719005,20.372837175857264,22.333933393339333,19.63544231616599,25.834511434511434,67.88683654667206,30.22111365781313,0.05168307042380118,1.8358725450541549,0.004494180036852276
LIB193735,35.67887075261517,24.019448043148714,34.66018842314162,39.392372501901015,25.413636363636364,15.40495867768595,23.921513665031533,30.100926879505664,70.83333333333334,23.78787878787879,1.174242424242424,4.166666666666666,0.03787878787878788
LIB194072,35.543061483541464,36.56831259530731,33.7382425358503,37.28383299343783,26.47458658260052,24.653250773993808,24.75113447703376,28.327123695976155,72.10607820363919,25.68995077705879,0.4092693988164371,1.6979149383330567,0.09678668215253582
LIB194066,43.84255105708813,27.139904288001915,36.92170257737475,50.57779092964997,32.73007180236096,20.93154761904762,27.994301994301996,38.26467661691542,63.149567968845076,31.933795789217477,0.5598150176463429,4.064743823779969,0.29207740051113545
LIB193709,25.127825932866706,27.67893193592753,22.26346877666874,46.89250529705622,17.949532162518576,19.64930924548353,16.396928707092233,35.83706943685074,75.34172021853348,23.2537207209093,0.018839093211646746,1.381533502187428,0.0041864651581437215
LIB194099,67.51523249169365,54.04756952244342,59.01159979707482,74.36981871207783,49.34875904860393,31.467598475222363,40.821062588680434,57.51989930472309,52.604705274043425,35.30894519131334,5.358066184074457,6.10134436401241,0.6269389865563598
LIB193906,17.945443931221334,11.617334347339925,17.89089899641241,43.852502605128755,12.612895400737434,7.526084836665041,12.875020492923111,34.12595419847328,78.75994566272074,17.727537356879488,0.0,3.5125169803997673,0.0
LIB193912,36.2657446194647,32.77858900922823,34.651744117750454,39.401845683100134,28.06031746031746,26.666666666666668,26.746792130025664,30.61741835147745,61.00529100529101,35.29100529100529,0.15873015873015872,3.492063492063492,0.052910052910052914
LIB193523,39.37619414334504,59.64962803739852,33.25107513532959,40.10444127060341,27.879987388213713,34.515625,23.466588511137164,28.482051114238033,87.2907590002293,11.256019261637238,0.4385462049988535,0.9286860811740426,0.0859894519605595
LIB193537,31.942281974505605,18.01753531833276,31.008138416782927,34.962183651972964,24.745836985100787,11.789473684210526,23.749003984063744,28.297142857142855,69.23751095530235,29.71078001752848,0.0,1.0517090271691498,0.0
LIB193279,21.665216559013007,11.997605125008581,19.32623138161065,24.948153134602695,16.403543307086615,7.896551724137931,14.846458642892522,19.08206896551724,87.4859392575928,11.473565804274466,0.0,1.0404949381327335,0.0
LIB193282,32.69789509662663,56.18422079789544,29.14626670695818,37.91008799826867,24.287388392857142,55.333333333333336,22.08311229000884,27.934650455927052,72.87946428571429,26.450892857142854,0.16741071428571427,0.4464285714285714,0.055803571428571425
LIB193527,26.276012787093816,24.956141539174006,24.8727192195163,33.43322431062966,19.051749544916063,16.462585034013607,18.25911237696939,24.480749848820803,72.4204686642203,24.31448467161721,0.07512496749400445,3.1754745875350343,0.014447109133462394
LIB193269,37.05270747292045,30.56686497822694,34.69401809814205,42.18578067933516,27.40713890504632,19.285248815165875,25.7421801793762,31.98546368163668,64.40336515953297,32.16195894278378,0.6455091009689731,2.6912764055783334,0.09789039113595413
LIB194089,37.874995923505175,27.938408294865678,33.220577205768414,41.4943966961374,26.42424578527063,17.229940764674204,22.641701340730467,29.767013818235633,75.12704686617731,22.201944018714208,0.5303702508671453,2.0135919980640478,0.12704686617730096
LIB193916,42.778350694429456,37.58544842588998,40.07592216541678,47.068033030753654,31.818444666001994,23.860779384035197,29.50601840925183,36.53564400431664,60.54336989032901,33.26520438683948,1.36839481555334,4.666001994017946,0.15702891326021934
LIB193902,28.824294259880613,15.50595658150424,24.84437100233954,34.62264675400899,21.49132767331632,11.244111349036402,18.724707743693415,26.42148198504419,76.58732225636751,21.751132871503724,0.020834418459294755,1.6250846398249907,0.015625813844471065
LIB193725,42.82938483311685,41.31599631533625,39.30764796780636,47.60598768487744,29.496513466207443,23.911211778029443,26.756992334709153,34.29264823864051,65.95053921291853,28.548642086838687,1.377674891310485,3.847891141098752,0.27525266783354974
LIB194062,30.455361561623306,23.308267006253672,28.1728906783163,35.648652144923595,22.012373127114547,14.404973357015987,20.573728170083523,26.315295589615264,72.70178830352828,23.934267762203966,0.2803286611889802,3.05461575640406,0.028999516674722087
LIB194076,37.53684313418275,26.22840014867423,34.72753869134761,44.016716250091626,27.168851281232538,16.885897435897437,25.548031822540104,32.26412191005659,65.50810249860302,30.259439610441447,0.4885447433543546,3.5698890396743037,0.17402410792687795
LIB193719,44.620933707456764,26.15232678804262,41.11942149928527,52.829340140041964,29.687143245447132,12.872767857142858,27.389102916895983,37.967468175388966,66.92035879315031,25.985322098396303,1.5221527589018755,5.191628159826039,0.3805381897254689
LIB193692,31.39144074212904,47.29546859576773,29.410489756390444,36.05381790393012,22.741864503188335,36.97668711656442,21.707750699161007,25.263134768689977,71.16875729724875,27.246055743496093,0.20956201538783942,1.3247313115588422,0.05089363230847528
LIB193862,49.72278550932454,44.3650163727534,44.122570994746454,57.77489476151966,35.37175412758701,27.651767151767153,30.55946327683616,43.91212183576868,58.987675374002016,33.005193395860786,2.0230989845748395,5.619719401596775,0.36431284396558405
LIB193876,39.14682690145054,23.71408706851395,33.20809959644725,45.6777559859363,27.508390664180546,14.068663257852448,23.076768201597712,33.54972105997211,71.41708995049186,24.895518549475984,0.6365331447309202,2.9447694978460746,0.10608885745515334
LIB193645,41.65742375165658,44.39615052927654,36.325328239296354,45.554930039002876,29.91809274983671,30.818181818181817,25.03987774705283,33.93048385160284,71.8027433050294,25.51926845199216,0.8360548661005879,1.7962116263879817,0.045721750489875895
LIB193651,33.02236016983706,32.203632460670825,29.45318042390346,39.12081350222714,23.748454636091726,22.22887323943662,21.00853374709077,29.228718570130262,72.46261216350948,24.705882352941178,0.29910269192422734,2.4426719840478563,0.0897308075772682
LIB193889,41.35909639937211,20.198357707161183,34.08822419985366,50.3209775623123,29.588616321115477,12.216494845360824,24.510764844671648,37.76154363647483,66.6267786998257,28.802580578028667,0.6165292266070082,3.732993418485471,0.22111807705314637
LIB194116,50.26311783198255,61.8525890692255,53.39812888170546,48.83296570439075,36.09077535479405,41.28034682080925,37.35512605042017,35.53663177925785,70.7294911734164,24.035133264105227,2.717203184492904,2.2888542748355833,0.22931810314987885
LIB194102,43.65021760459561,33.4973887816295,38.694537671059166,49.02651050399855,31.38562883931458,22.357615894039736,27.51541957474436,36.2369746439736,65.44212738441642,29.69608794051083,1.0063045586808923,3.6574523116715163,0.19802780472033626
LIB193484,26.795472512925194,14.410659431932944,22.791631420829685,40.198150769094546,19.152954429827748,10.30921052631579,16.829212857739225,30.08174648970956,75.4960389563195,22.599752889018095,0.00726797005596337,1.8751362744385496,0.021803910167890107
LIB193490,36.47649105481359,30.50736941260859,33.72905200570654,39.96295555417598,27.011586178611708,21.983539094650205,24.88898313071341,29.98061600665953,68.70706449297653,28.611709217676612,0.3127242899620629,2.296729211524659,0.0717727878601456
LIB193447,44.011274975244994,22.861729201716663,39.41326531119807,48.02253305368801,31.390725076345163,15.550600343053173,29.073839328157185,34.392353394711776,70.3186228143664,23.87103748344729,0.7512904359106019,4.580709672188742,0.4783395940869659
LIB193335,41.80482507562192,59.01918348038703,39.51731497934105,44.74804161590716,30.101872006965607,43.07710280373832,28.772075302554907,31.88744714973028,63.07744400909399,33.23658878730711,1.0980505973975718,2.336380786533159,0.2515358196681662
LIB193309,35.15507439780922,27.072120322239336,34.57630198593869,37.73319987188502,23.839307842095945,16.735956051745525,23.57194504699928,25.992826950172923,71.50675635805747,23.744615566176904,0.7877500442556205,3.8590901044432644,0.10178792706673748
LIB193308,33.726108666712456,27.277739285591238,27.964478922925522,44.53117102197028,23.040517935691717,16.576271186440678,19.03110730593607,32.927337080991045,73.50845672510997,22.650393408091198,0.27259773248249797,3.4756210891518493,0.09293104516448795
LIB193334,30.49873326805951,27.744830078285418,29.661326666255135,33.93645403723493,22.739019448946515,19.70827489481066,22.295735749005743,25.136504854368933,67.58914100486224,28.756077795786062,0.18638573743922204,3.440032414910859,0.028363047001620748
LIB193452,38.765678997806845,36.19804218939787,36.88399899376191,40.71541067379644,28.19381176187033,23.27358490566038,27.05729764181007,29.72023071198214,69.09194986743795,26.89202217401784,0.6507592190889371,3.169438418896119,0.19583032055917088
LIB193446,27.60624047319977,41.12177038990418,27.552949906383695,27.408678712951648,21.505938242280283,32.0,21.485436893203882,21.378980891719745,85.86698337292161,12.826603325415679,0.0,1.3064133016627077,0.0
LIB193320,33.16796215575561,46.102513934109666,30.16087525849579,41.87338693498119,24.172994740302432,32.22985074626866,22.10479691876751,31.551278526257907,67.5706771860618,30.49254876177953,0.25750602673679596,1.6025641025641024,0.07670392285776902
LIB193485,35.191323065281516,34.80872954172396,32.71793883467086,39.49807836993947,26.453346593991373,23.574699262708577,24.4856717452936,30.47764951967772,66.37389889178786,30.305339567564776,0.46369249050657435,2.7860298106481363,0.07103923949265066
LIB194117,44.37421321117021,37.56194883123079,42.47082473515198,48.719840941236356,32.30762058677275,21.39782608695652,30.364244451200975,37.81833616298812,58.91969169567379,35.318249627051216,1.7528592739930384,3.816509199403282,0.19269020387866734
LIB193678,36.42236430165548,25.93196226024299,32.24838591645664,38.74409446612249,28.11598353817919,20.016296296296296,25.777512881642696,29.580995955175386,73.65830598965574,24.656581947611368,0.08759245870641233,1.5307824926311104,0.06673711139536177
LIB193888,30.450865901915652,26.54880521839303,28.848144967774548,36.996519477325094,22.0752753237323,16.85559796437659,21.098566450182165,27.352922286448297,68.64940094396708,28.291782645528258,0.18153213118722014,2.844003388599782,0.033280890717657025
LIB193650,28.02358512133187,27.836219248324948,26.41062705897622,30.999496076128235,20.037616199466743,18.59795918367347,19.243655962272626,21.773041731756305,75.888160265187,21.625711609137422,0.11529869568350508,2.3636232615118544,0.007206168480219067
LIB193644,41.224998628321075,29.939356014457147,37.61390216235372,45.60718034496069,30.501010684377707,20.07883461868038,28.223564098202644,34.059816797263,64.99094321791405,29.769248943375427,0.679914945003019,4.405008794266664,0.15488409944084214
LIB193863,32.48951055521584,23.5677869073476,30.81354020702078,37.261687741557544,22.550191108428887,13.284057971014493,21.902959641255606,26.51140456182473,73.1643532488433,23.11406155703078,0.2816334741500704,3.369543351438342,0.0704083685375176
LIB193687,23.683180679808657,19.703506515696247,22.22957614706023,25.87888122151655,17.992401215805472,13.794366197183098,16.921770478670137,19.799841820283508,83.44177431610942,15.525265957446807,0.011873100303951369,1.0163373860182372,0.004749240121580547
LIB194077,33.48400712596203,33.25408886482244,30.30654406945036,40.288951277299184,23.617579273623143,22.4672131147541,21.348990136214184,29.409025166329187,68.86275133116109,26.88548041007709,0.40530874990065957,3.7828816657394895,0.0635778431216721
LIB194063,53.496722644264274,33.54309136066794,48.07868825067947,60.43517362185971,39.301774616920554,20.639842014317452,35.30681757227914,46.16120480826363,57.594283534875366,33.66275547977475,2.9176855944181455,5.394521347003792,0.4307540439279384
LIB193724,36.98157473123262,30.557293686593002,34.3360278920539,41.49633006969013,26.997610984221996,20.184137548530227,24.818373954492312,31.321209964412812,67.29148617783729,28.597306450342604,0.7062035651466226,3.334120920952456,0.07088288572103646
LIB193730,31.805026133224185,25.205982995231732,29.021230662090584,36.94086566902255,23.543426476671375,16.959621680611132,21.759076817085774,27.56637130978877,71.00004279173264,25.931789978176216,0.2225170097137233,2.814269616443436,0.03138060393398662
LIB193903,30.998950674895667,30.280018914369016,30.576792318729346,31.668069956944564,22.83627887559143,22.420454545454547,22.663860493084787,23.124087591240876,72.20289451711662,25.222655162816586,0.13915947676036738,2.414416921792374,0.020873921514055108
LIB193917,30.933005328903732,77.0,25.12712546268664,36.08751054153538,22.28623408126137,77.0,18.051612903225806,26.787060301507537,80.95815645845967,18.162522741055184,0.06064281382656155,0.818677986658581,0.0
LIB194088,41.58993296153423,19.73471113367033,34.4148294751678,55.89635849106794,29.580054274084127,9.964705882352941,25.178048780487806,43.92768595041322,65.73948439620081,29.240162822252376,1.01763907734057,4.002713704206242,0.0
LIB193268,31.940421182302675,25.329227147687703,28.21682868227103,36.88523554871023,23.112703011615853,18.4,20.73378932968536,26.7543057763646,75.25052497275458,22.88615400972861,0.15948539379601817,1.6799128146513915,0.023922809069402726
LIB193526,27.521746859392458,21.40432657767301,27.554709377077913,30.674938708439583,19.74131233778676,12.91066698771972,20.166522792459133,22.884551243177683,72.14374052848856,22.641049312825515,0.16547928025222527,5.006183699419951,0.04354717901374349
LIB193532,38.645159296644714,30.97258937933924,39.385485560698676,39.47785618125903,27.9119530827996,20.377927674723626,28.04212331632226,29.553932634001683,68.0646654834478,25.81989351030172,1.0784011111968517,4.878848676595416,0.15819121845821435
LIB193283,17.429717424701714,8.30799177134446,18.224275308673203,18.636059925009256,12.612871287128712,5.795454545454546,13.290526315789474,14.047146401985112,88.91089108910892,8.81188118811881,0.0,2.277227722772277,0.0
LIB193281,31.44724146497938,34.15136585077798,23.363095987981694,47.243760884404814,20.265912305516267,21.29824561403509,15.84214680347277,32.77113866967306,78.64214992927863,18.387553041018386,0.19801980198019803,2.659123055162659,0.11315417256011315
LIB193524,35.29367669855158,23.748343040700817,33.82419690008546,42.87738408884866,25.392444466580336,13.740945482272208,24.713352802790624,32.98469188767551,63.758840521964345,30.11256101205299,0.5503536208785736,5.5085167845402925,0.06972806056380118
LIB193530,30.709265729082098,40.542603551112784,27.30950974698853,33.78795609155949,22.834049144546928,29.972972972972972,20.23071062474027,25.477351664254705,78.3390832922622,20.590720270365416,0.11617263958318665,0.9469830317538548,0.007040766035344645
LIB193518,26.019176100751586,20.585976459188004,21.271306009409358,31.207178132741987,19.0200330005077,13.807531380753138,15.689731473147315,23.440718739260642,84.21052631578947,15.095616855643934,0.02538500592316805,0.6684718226434252,0.0
LIB193901,32.59958778043082,28.71133893789277,30.128148353224702,33.85411129091328,24.072273442770406,18.727868852459018,22.186583378598588,25.137512014279828,80.66561727006972,17.63885765684731,0.18889138745221495,1.4841466156959748,0.022487069934787496
LIB193915,13.570327805048667,,12.192314733684654,19.961898607640002,9.581523833997172,,8.730118316609255,14.721518987341772,95.86277784915842,4.137222150841578,0.0,0.0,0.0
LIB193732,37.147861847283515,26.05499642900514,37.456592188898696,54.946903622125404,26.445650104702075,17.395534290271133,27.590261958997722,41.49486652977413,56.40586331620027,32.952598515134206,0.41880830001903674,9.899105273177232,0.3236245954692557
LIB194075,39.61287875444123,33.17701441833315,37.82262892757199,40.797507950639265,29.533584431889516,20.68831168831169,28.743705035971225,30.314471707561342,72.56748273697427,24.70182046453233,0.6277463904582549,2.0087884494664157,0.09416195856873823
LIB194061,30.80775838736649,40.493881271523236,29.874933498959777,31.87558908138766,22.77247106793788,26.402750491159136,22.015260888522842,23.90175352343494,73.18762367332255,25.175391257420397,0.3537806559932842,1.2382322959764946,0.044972117287281885
LIB193849,47.1300540134436,47.38678285706346,44.369456833871396,50.935714008881384,35.567346638191324,33.34901960784314,33.39979143583393,39.130870199319396,54.71684218278223,38.19868915236763,1.568598571323367,5.213933279328375,0.3019368141983946
LIB193691,36.25258948755433,30.78249068629739,34.41397723409973,40.34670792851275,27.58492663405958,22.114801444043323,26.261513336962437,31.10719890822245,61.251667407736775,33.66607381058248,0.44908848377056465,4.553134726545132,0.08003557136505113
LIB193685,28.96114071778168,22.47915498320887,28.530012533375032,29.94181866670131,21.23978641500062,14.824817518248175,20.654536390827516,22.468703528457482,78.00819570346455,19.502048925866138,0.18626598783062215,2.278653917794611,0.02483546504408295
LIB193875,38.30070055820871,20.502904118849436,32.63069030353993,48.44405772462427,26.19976412954731,11.067331670822943,22.309748427672957,35.75084175084175,70.7611358069491,24.984124104145877,0.707611358069491,3.392905742538329,0.15422298829719677
LIB193861,37.58715923494703,17.49510943989785,34.6038722185335,44.90108951432569,26.184411226357536,9.536421499292786,24.524280889717016,33.616381921725434,70.66809029896278,23.754321740898924,0.7321537522879805,4.804758999389872,0.04067520846044336
LIB193652,47.29746491509271,39.344307368321964,43.51239442459058,50.3530498507974,33.91164748733108,27.363057324840764,31.075478976469075,36.42851020262387,64.892578125,29.35230152027027,1.4780405405405406,3.94847972972973,0.3286000844594595
LIB193646,32.276458245454926,43.96416638885902,30.600275064773165,33.72590620885511,22.759372784519787,27.43778801843318,21.564639713074666,23.946232817121977,78.57708828558322,19.963301221902498,0.45873472621877476,0.959172609366529,0.04170315692897952
LIB194129,36.16887892313164,27.365045014509256,33.13561660499626,44.42211653096751,26.008385489457375,17.547210300429185,24.005997890851567,33.49938853319905,64.96121204755828,28.917785744667924,0.7372749184744081,5.290555184217456,0.09317210508193069
LIB194101,31.939200499307752,,22.892088748577034,35.04434556242431,23.891768497381495,,16.813181818181818,26.859729369163333,84.11440848663891,15.429031824895931,0.08056935678796831,0.3759903316771855,0.0
LIB194115,25.579766845324333,36.09643791551569,22.249466433492337,31.058403226332906,17.292085873050844,21.866037735849055,14.99083138515488,21.971494785631517,85.48138356466181,13.267729064159997,0.35250055078211057,0.8714596949891068,0.026927125406966783
LIB193493,37.495682315581156,28.514213031882647,35.81332677282829,41.54038515976699,26.99991437623084,17.31650246305419,25.98119911176906,30.585603112840467,65.83611610583098,29.07783200616491,0.7620515455090333,4.1955646887575995,0.12843565373747753
LIB193487,34.385115026465364,29.70543794456262,31.601801497193485,36.61595953929825,25.921579471297424,21.641304347826086,23.708883248730963,27.854789505796216,75.13549386129853,22.939940272093796,0.24333591416878664,1.648047782324964,0.03318217011392545
LIB193450,31.04653009885959,25.24495379888211,24.14999742630644,41.26153932731515,22.41843651152282,18.692307692307693,17.62292817679558,31.716755319148938,77.089923181202,21.69001355625847,0.09037505648441031,1.1296882060551288,0.0
LIB193444,28.617622068344495,27.590410820260892,26.252941807045755,33.19933446177795,21.11377667427191,19.952662721893493,19.717623133773127,24.18097796883396,74.66111931284391,24.006844718829687,0.043618306267615085,1.281707153402228,0.0067105086565561675
LIB193478,32.92178971555369,27.037314834180982,31.106448701547652,36.4192535385047,24.09919797382862,16.83606557377049,22.476054324517513,27.82193396226415,70.9582102152807,25.664837484170537,0.3799071338117349,2.95483326298016,0.04221190375685943
LIB193479,34.997744706920265,31.648752242679624,30.749265634026127,41.01254377539568,26.159628770301623,22.90277777777778,23.47942672214517,30.605651105651106,68.13921113689095,29.34570765661253,0.12993039443155452,2.320185614849188,0.06496519721577726
LIB193445,33.156722772565395,31.621106590732587,29.119605207729073,37.562514786102604,24.55714531236573,24.01573033707865,21.764742884101274,28.005564426380218,73.8442038326029,24.639082237690126,0.11600928074245939,1.3878147288820142,0.012889920082495489
LIB193451,31.02033762000199,20.904354646678026,29.126086787837274,37.61879792344204,23.124436399539245,14.037794828076159,21.943977591036415,28.68546858071506,66.90636827381931,29.75152213263123,0.1102517689649498,3.2137567878887605,0.018101036695738027
LIB193337,46.56608751115084,30.480301515697064,42.213883476250885,49.43060237124967,34.44881527490223,19.965853658536584,31.701046337817637,36.8188302425107,68.8290775247297,25.58086036346906,1.633310328962503,3.6116862203818725,0.3450655624568668
LIB193486,27.51209816680943,16.50813491944255,23.026139157717566,45.11671033408645,18.898661374949548,11.834215167548502,16.453272590487337,33.136558219178085,76.56060809901788,21.189290999596395,0.04708731333243643,2.1929234494820395,0.010090138571236378
LIB194114,34.29706957952497,33.247196262572785,33.698963785458126,34.61321224310495,25.33000202684794,23.679025423728813,25.023269120732405,25.519266750349335,79.34953772275838,18.773289262383262,0.36795085673303296,1.4718034269321318,0.03741873119318979
LIB194128,38.21725803511026,24.626665552810838,33.608646039086075,45.66955811684463,26.465355279004417,13.736328125,23.0184479341363,33.7811986863711,70.2368526696106,25.146527498996385,0.9554395824969891,3.5648334002408673,0.09634684865515857
LIB193647,30.554179810848602,19.413223859634826,27.832845032027198,41.98109704969696,22.372587827808015,13.359909740503948,20.928647597541087,31.23600911623196,67.32404985744917,29.247661459437808,0.06833015244692632,3.305765651139229,0.0541928795268726
LIB193653,20.4270401188227,18.840116772461894,18.427683514484766,31.97844480705596,14.4167916041979,16.6,13.106932487539646,24.510114335971856,83.77811094452774,15.882058970514743,0.0,0.3398300849575212,0.0
LIB193874,42.13156296128801,24.462215762273047,38.784676907133026,46.138132523188155,29.649390243902438,18.2,26.834108527131782,33.27591706539075,69.35975609756098,26.676829268292686,1.3719512195121952,2.4390243902439024,0.1524390243902439
LIB193684,49.27555203327244,34.35767839321619,43.82062491145075,58.091482922459726,34.594381435097844,19.27658200602669,31.05206936416185,42.930666817104814,59.65406732277201,31.863536150192058,1.8160329113348639,6.257244812146283,0.4091188035547878
LIB193690,54.511246249497276,44.76915768576355,51.74986809267458,58.605212074976244,38.85126896356161,24.20509383378016,35.266597867217065,45.129705882352944,58.45739401673047,31.91549695165178,3.2043102226003115,5.969091166879342,0.4537076421380973
LIB193848,32.94243736596125,57.72446306691502,29.006836791065886,48.03956297568642,23.682575543631742,40.93181818181818,20.959436808581966,38.009727626459146,66.98672691330133,31.290595876870942,0.2824060999717594,1.3273086698672691,0.11296243998870376
LIB194060,33.65376000837001,31.03116712812029,26.765260360982708,49.4103146582864,23.172025723472668,20.8,18.952738990332975,36.47315436241611,71.38263665594855,26.688102893890676,0.0,1.929260450160772,0.0
LIB194074,35.13810479186497,40.97891042651385,31.145843364680992,40.65760346325932,24.453444034440345,25.414322250639387,21.526015037593986,29.34407872412623,73.64083640836408,23.899138991389915,0.5166051660516605,1.8327183271832719,0.11070110701107011
LIB193733,36.91931992219221,32.7562605121483,33.3860802052694,43.77842024074877,26.271622286236212,19.71841704718417,23.713456695499836,32.499212243979294,67.04138270217102,28.799269303730767,0.7306962692334715,3.3794702452048053,0.0491814796599452
LIB193914,31.81695385544559,28.978687250107864,28.980972039631354,40.373848043276425,22.44144493605673,17.081640192094568,20.803871427184152,28.867848016887013,70.73762046184618,26.870719437541666,0.33577792593490513,1.9867870780047276,0.06909509667252561
LIB193900,29.099046782081388,16.606800945730715,25.32487617606102,34.03396796745504,20.675628162250234,10.379965457685666,17.9859187265631,24.92403885903266,79.51290626875911,18.82342852242518,0.13720950175799676,1.4878655346882772,0.038590172369436584
LIB193928,32.11326255173876,31.57362017767776,30.849469097372545,33.8944085039856,24.34551114023591,24.23076923076923,23.988888888888887,24.869690721649484,70.60943643512451,26.834862385321102,0.163826998689384,2.375491480996068,0.0163826998689384
LIB193531,41.14551316273328,30.979897579786382,43.607043343463864,40.55772466521128,30.246632420091323,20.61081081081081,31.5057099352874,30.291341315287177,73.12214611872146,22.802511415525114,1.2785388127853883,2.73972602739726,0.05707762557077625
LIB193525,25.788125728160793,,19.990964999019926,29.842583831249577,19.452571428571428,,14.871268656716419,23.346194503171247,86.42857142857143,13.342857142857142,0.0,0.2285714285714286,0.0
LIB193280,39.94138018497689,36.39716797386002,35.56222757530581,52.5529413294461,28.86374215651591,23.587535233322892,25.802016451355044,40.41950055399301,59.27160332917497,35.33431396279815,0.7447818720092353,4.483586869495596,0.16571396652205486
LIB193581,29.474191230938786,15.231895426960898,21.73478353519764,41.0188414657369,20.834205128205127,11.074468085106384,15.433197446350281,31.940515222482436,77.95384615384616,21.025641025641026,0.010256410256410256,1.0102564102564102,0.0
LIB193595,36.777507508065995,23.28919635081182,30.04154640052897,46.17309858413881,27.224765333676224,16.786666666666665,22.059966216216218,36.227257004496714,67.8024945351678,29.754404011829756,0.21216407355021216,2.2245081651022245,0.006429214350006429
LIB193542,41.09441941434969,38.66447872696113,37.407121360889626,44.0986663585344,31.119404693760732,28.448979591836736,28.72646958885491,33.28457523919977,66.7506201106659,29.658462125548557,0.5991223049036444,2.896393817973669,0.09540164090822362
LIB193556,37.35251836069611,30.88238412889355,33.153054859549265,39.69888599211909,27.24660555517265,17.804123711340207,23.87904726460737,29.350298738658996,76.23544007167965,22.01392239299745,0.5996278172168998,1.1441174443448894,0.006892273761113792
LIB193967,47.92506967553809,31.529384673699198,41.664110936613156,52.81586788956389,35.42447592307205,20.793006993006994,30.75151384083045,39.83242292726729,64.23610378095378,30.46296100825434,1.5115370812134519,3.5677341721378957,0.22166395744052017
LIB193973,25.339313695057086,18.47989082549479,23.764196292462334,60.27581532458502,17.451946811051837,12.85007072135785,16.745384883315918,48.34239130434783,68.16625527510152,28.274544151604424,0.007962417389919579,3.543275738514213,0.007962417389919579
LIB193783,33.20918108219738,25.787382073032607,31.231774817473823,38.39231165785135,24.662203646321252,18.7552233084148,23.35266875072363,28.82600200162036,66.20018736038048,28.97888592635296,0.2450097283274483,4.492325430568567,0.0835915543705412
LIB194013,29.281803039466283,20.50654345830447,24.78774009382471,33.86652838403553,21.33783783783784,14.1239092495637,18.25132950881454,25.060933613927684,79.86420351836338,18.883647105506814,0.046294255103390504,1.174992284290816,0.03086283673559367
LIB194007,49.32914728928471,31.918195418410825,47.06686543630335,58.94492982870334,34.34923065027449,16.23196714297938,33.450870444024254,45.07792324246772,58.45356839093792,31.966287790922447,2.1572720946416144,6.880074228717235,0.5427974947807933
LIB193998,31.532207194393536,33.782638953552855,29.142739198379306,36.51638621061578,22.445718920171476,22.11507769844603,20.34236009168405,27.54862579281184,74.19855084088661,23.58136591713234,0.5605910715399767,1.636319884495067,0.023172285946008574
LIB193813,22.118502617022695,41.550313734418076,21.373383600756863,43.62533198318696,15.494125532250434,30.58730158730159,15.061077940939164,34.565302144249515,79.47878883456868,20.35956473742312,0.003942595805078063,0.15376123639804448,0.003942595805078063
LIB193608,31.254424931246984,44.02954701221681,29.936807766384547,33.1964242612372,22.651315789473685,31.19023569023569,21.904667925175904,23.831291866028707,70.90125756870052,27.11632510479739,0.2736376339077783,1.6563809967396366,0.052398695854680946
LIB193620,28.265530950276297,18.735197564078817,23.196402458205966,43.616342419031334,18.98805873809908,8.766590389016018,15.756155180687314,34.29883518543313,76.8490129632618,20.154913667903823,0.3012210209241031,2.654510246893658,0.040342101016620946
LIB193393,37.970344174313375,26.819768828235638,27.620431250517402,47.85479593004753,27.302399537438568,16.17058823529412,19.53162486368593,37.171103896103894,72.1740387395201,24.57357617808615,0.46256143394044524,2.760913558832032,0.028910089621277828
LIB193387,30.361507071126745,21.212229436953354,27.35557079637034,36.646776932521426,21.713685193834657,13.347107438016529,19.502279901788846,27.299236641221373,74.4978981784213,23.493694535263895,0.11676786548341896,1.8682858477347033,0.023353573096683792
LIB193378,38.389492226569274,34.17027718847558,36.05222673913599,42.11107975313247,28.253351078999906,20.790849673202615,26.955771994251958,30.88886075949367,65.4149633995627,31.657001616123203,0.5799030326076623,2.3291187375225784,0.01901321418385778
LIB193436,23.35769075596994,25.96873119734578,19.288880223195534,28.984702030678683,16.77617728531856,19.875,13.66548984995587,22.04668674698795,85.98337950138503,13.240997229916898,0.0,0.775623268698061,0.0
LIB193350,31.17997750105125,22.507218795651394,30.81515417919528,36.94338701985888,22.65388414591124,13.573823339780786,22.94562118126273,28.375460971112478,66.25978974105693,27.423622380582795,0.40922881535313627,5.843858039935087,0.06350102307203839
LIB193344,21.28275237778905,16.154728333362726,19.203552381021407,25.009046414018492,16.504933374020954,11.46039603960396,14.76376582278481,20.13841039589,86.12552131014138,13.060726274031126,0.0,0.8137524158274845,0.0
LIB193345,40.35382875123441,31.446879813425053,34.23708769330967,46.352284196125225,28.166957823808335,16.0625,23.382826033160107,33.89473684210526,72.68530072373348,23.845769902670327,0.9982530571499875,2.3958073371599697,0.07486897928624905
LIB193423,25.46430648716728,21.954745946269053,22.400556227068595,52.24801364241003,17.30218097447796,15.119565217391305,15.575955078712523,41.832394366197185,75.88863109048724,23.31322505800464,0.03712296983758701,0.7610208816705336,0.0
LIB193351,44.10310535474011,67.60476503412426,41.40622591900341,45.979318887551266,33.60142245865618,51.08510638297872,32.02521540800811,34.76128061882252,63.27049843876489,34.06383716896033,0.8846998959176592,1.7115762692263212,0.06938822713079681
LIB193379,35.76989130131809,45.84301072849667,32.53646255124913,39.357179512160926,26.631172356195844,37.54081632653061,24.498232558139534,29.162932294203603,70.602359327696,27.497651111807077,0.3027455893099489,1.5868044681073181,0.010439503079653408
LIB193386,30.057598748359926,29.41900795904366,27.79722626579241,40.605564267469354,22.02773669253652,19.88548601864181,20.558899485531853,30.841587555758892,67.80117328369867,29.666129327106844,0.10469812041945722,2.3997473950110515,0.028251873763980525
LIB193392,43.07369981764672,15.098619468651926,34.086150971815435,49.15921504639561,31.10360394251749,8.496478873239436,24.66165137614679,36.59904724096864,70.23549770521406,26.732375291550674,0.45143330072981713,2.558122037468964,0.02257166503649086
LIB193635,27.258146738296958,23.515787209064797,25.796982200587717,30.045512070247664,20.158649278866914,16.76485788113695,18.92982698961938,22.7277539702546,76.63874255117022,21.04672251489766,0.034545297521374904,2.2713533120303997,0.008636324380343726
LIB193609,42.73792819875362,34.6878941419049,43.58738567032278,43.27786928247781,32.04239917269907,21.845238095238095,32.9739336492891,33.04772234273319,63.908996897621506,29.679420889348503,1.1375387797311272,5.170630816959669,0.1034126163391934
LIB194166,30.318082714219255,33.743279585681236,28.190806984730596,42.107074186296714,21.805804944041324,22.270063694267517,20.297449510349033,32.599171413775245,68.50940843684664,29.516664616898293,0.26749477309064074,1.67568564752183,0.030746525642602385
LIB193806,40.83907249640544,29.248390474071236,37.185026087027325,46.99232402745916,29.45238609371626,17.475539568345322,26.330388871966697,35.95840768702814,65.3584538976463,29.37810408119197,0.8799395378967826,4.286331245951199,0.09717123731375513
LIB193812,13.253286926473095,10.964077207452938,13.413665260999588,,9.362663308673067,8.028571428571428,9.465581553068837,,82.40201479615929,13.497560207775855,0.0,4.100424996064851,0.0
LIB193755,31.548191829286942,41.61706219535218,30.54562688070442,32.361303408387926,23.715526101286457,31.161073825503355,23.125045517442285,24.203668828904235,76.81539497466066,22.163943721869796,0.1842860686820002,0.8221993833504625,0.014175851437076939
LIB193741,36.548234046267716,28.30728802214032,30.839299666737396,43.52983712546826,26.558223421538123,16.302555168408826,21.872835331488883,33.79505206606089,71.02458903543794,25.437123110389077,0.6250516287138255,2.8691797229947404,0.044056502464410605
LIB193999,26.93272766585887,22.524503039328867,25.421986575520467,31.74167618363336,19.089180044418608,14.455551828245556,18.058065585316843,23.104831070413642,77.66250801174559,19.906393000342828,0.18631966492271462,2.1926098168105055,0.05216950617836009
LIB194006,32.77514639032976,27.055017362719273,30.56895938346313,36.34208431897693,23.29610422304739,17.93041420118343,21.60283752033255,26.449638196149373,73.94172068726792,22.741519290074894,0.3738435395556674,2.8699100006293663,0.07300648247215055
LIB193769,24.853291524456772,35.401525973284166,22.254537348529755,26.751562059200594,19.0958067008499,22.4020618556701,17.163290175171362,20.72831683168317,86.31031818501089,13.120741729296903,0.021071855025637423,0.5338203273161481,0.01404790335042495
LIB194012,43.26339131184455,44.175242427640036,39.94043165276868,48.447090346782225,30.368751800633824,26.738960772232492,27.852297861882526,35.86635385040022,61.920195908959954,30.866464995678477,1.4603140305387496,5.342480553154711,0.4105445116681072
LIB193796,28.346782182288965,41.576435633661525,26.13949784714981,32.78490506315368,21.590135202804206,33.6,19.84375,25.541666666666668,76.9904857285929,22.458688032048073,0.050075112669003496,0.5007511266900351,0.0
LIB193782,25.046680539198576,18.76832437912346,21.56625054196052,36.075796778049245,18.201623409159236,12.616666666666667,15.900184553786481,27.803785245268443,80.21595350235494,19.212846978655175,0.027557871530213447,0.5436416474596653,0.0
LIB193557,22.378232527216596,11.597876082013203,20.20429436649858,27.999898627389793,16.901940281166492,7.317596566523605,15.350591715976332,21.998689956331877,81.91007319623563,17.33472754734518,0.0,0.7551992564191936,0.0
LIB193594,32.42009155552194,30.614639480263563,29.09368251211232,36.55294974633723,24.787461989958278,21.180897250361795,22.371800515690836,28.286484174508125,71.5649529736228,26.03069089880489,0.3288310586238597,2.061381797609787,0.014143271338660631
LIB193580,35.705138814442876,23.480119900340185,37.060789332705816,35.765781985700926,25.376995186217382,13.410687022900763,25.84704056750166,26.233558052434457,75.44126340680685,21.205979224727642,0.7769614052867156,2.525124567181826,0.05067139599695972
LIB193596,31.807928426253678,25.03010687152574,28.53035106429813,34.47401973651085,23.179301348021454,14.675,20.368595589454486,25.821001745669395,79.18538918683868,19.002754022322076,0.36961878533120746,1.4204957240179736,0.021742281490071024
LIB193582,35.53251182649164,33.872796817959404,35.073093533069716,37.45730945048701,25.593593668334204,21.843684577808794,25.48813056379822,27.56285178236398,62.24520271783768,30.81460464421713,0.6943925931456731,6.111401478384231,0.13439856641529158
LIB193569,35.899757170620525,26.616281660836282,35.432853339164865,37.405257968625506,26.31860739575138,15.55055103018687,26.149057200042137,28.058670520231214,73.61526357199057,22.44689221085759,0.6254917387883556,3.2140047206923685,0.0983477576711251
LIB193555,29.53198656018355,30.152684138076225,27.811897544864884,34.52027194528959,21.106147722246792,19.78139269406393,20.0859654070314,24.88091123330715,70.93865886435546,25.165855816010613,0.18031504099615556,3.6641377198652743,0.05103255877249686
LIB193541,28.580019797799157,39.0145824077285,26.33584162685127,36.493066694099014,20.17861007857714,29.564606741573034,18.85336260688699,25.43374377015538,71.44403143085682,26.121018209194,0.11527784312802898,2.2890885992565755,0.030583917564579118
LIB193964,36.86366015325907,30.480361554617453,32.99540900521232,41.77881143638807,26.02055072826155,20.574828559903185,23.213114981034913,30.08190165042528,71.4016690629493,25.91501531537163,0.6141776583109333,1.9933425017190722,0.0757954616490592
LIB193794,25.790452223585298,28.323616872272382,21.321994414122596,35.77848515518789,17.89352574102964,20.681818181818183,14.996562665256478,26.309375,81.49375975039001,17.1801872074883,0.09750390015600624,1.2285491419656787,0.0
LIB193780,34.01120436901396,29.605742686174924,39.247593892793304,33.40599991611706,24.856789250353607,29.5,27.684981684981686,24.55072463768116,89.78076379066479,9.688826025459688,0.2828854314002829,0.24752475247524752,0.0
LIB194004,39.96504013822767,29.007606313682782,36.41901781938848,43.51927607924616,28.1370073629965,17.46306282016716,25.77200467454414,31.1716932926113,71.69843391459541,23.628806082005084,0.8645533141210375,3.647503302918157,0.1607033863603001
LIB194010,39.221502622653354,24.514358360895013,38.43287434437797,45.87285116214013,27.94776684330053,14.546607009694258,28.18638902996445,34.381941820929356,63.537723946505174,29.15720413827908,0.9336361342417362,6.182185213222306,0.18925056775170326
LIB193757,26.934838810055947,25.899900007835534,25.287748682471328,31.645404298304694,19.42071302874275,16.449432892249526,18.37758610290126,23.221292422129242,75.67403158878099,21.66460275043994,0.08690173586217384,2.5657737513306826,0.008690173586217384
LIB193804,30.528327771380624,24.12413922328108,28.192207729854925,33.05904652993546,21.686399312741614,15.487046632124352,19.860738778054863,23.901213313657976,79.08157288453278,19.044086063493303,0.253817017454801,1.5892850169862158,0.031239017532898587
LIB193810,39.73787890016366,36.73163867401056,34.36161271251542,44.32887963287564,28.689559399065775,25.490945674044266,24.145890471556225,33.11543927108585,71.23679670075327,25.320876993645587,0.8121870134242309,2.5712241720321507,0.05891512014476286
LIB193838,43.34784744078868,51.640250734680784,41.052869576383664,45.18854369266497,30.322235346227668,31.04518178609248,28.995790323510754,33.35111303845042,58.655691717112056,33.061420345489445,1.7163738372951425,5.887346818248929,0.679167281854422
LIB194164,33.98899342577286,26.286223743063676,32.49987646787817,37.9550934743244,24.931632888683637,14.887064477372848,23.79480582787196,28.905309315003556,68.05804721220625,29.05380202135029,0.4937920744595819,2.34462423844118,0.0497344535426917
LIB193623,39.78539354502184,45.16606883746172,36.93640242676704,43.520849027968275,28.782355048359857,28.59407069555302,26.781186006825937,32.18368375576037,64.82779796325674,30.78143390819303,0.8136738140320352,3.3544854408679186,0.2226088736502738
LIB194158,32.654179117383556,23.528142780983014,30.831204713400382,34.94172211219805,24.505911859548547,15.533575317604356,23.32258706467662,26.45472440944882,74.54317448943031,22.966678609817272,0.08061626657112146,2.3826585453242566,0.02687208885704049
LIB193637,38.61625855057358,36.5590077342319,36.086637457845306,41.12408363591433,27.997956124812646,25.415697674418606,25.715885524678555,30.447542599633856,69.74383430985148,26.958713721215428,0.9061179997274833,2.343643548167325,0.0476904210382886
LIB193384,30.61168735240844,38.82009788756334,28.89506973996691,32.66433391319453,22.032137694557434,29.609929078014183,20.308157802862794,24.271031842983955,77.08676505193802,21.501327864994792,0.1613608094933943,1.2438229065115811,0.006723367062224762
LIB193390,24.347667599241156,17.55680879285052,21.005355392086738,45.70422025720164,16.283070000511326,12.503386004514672,14.453151224029169,34.42670299727521,78.37091578462955,20.268957406555195,0.0,1.3550135501355014,0.0051132586797566085
LIB193347,20.07271177491563,37.17757945043092,18.878117480322086,36.66948702135184,14.16867364746946,27.177339901477833,13.516585797552565,27.469460227272727,83.69982547993018,15.791157649796395,0.014543339150668994,0.4944735311227457,0.0
LIB193353,20.847328736499122,12.676714406576204,20.51480762077792,23.103916600626107,15.427132932636017,9.267477203647417,15.236311556681724,17.307867360208064,81.75786433533682,15.978456014362658,0.0,2.263679650300523,0.0
LIB193435,27.128465281894716,35.2846750564443,25.024753827692514,30.809365875993507,19.3236452613989,21.759478672985782,17.790666862947152,22.558768355003558,80.01114028805601,18.58239834487149,0.18301901806318135,1.1896236174106787,0.03381873159863134
LIB193352,40.525461310890854,22.584336138261186,34.862061370379,55.34658189551346,28.556395995550613,13.41044776119403,24.387797311271974,43.80956375838926,61.890989988876534,32.76974416017798,0.6674082313681869,4.605116796440489,0.06674082313681869
LIB193434,19.752267769512777,15.04258220118073,17.256420317463895,24.69632145268479,13.895649471721566,10.27927927927928,12.456665475339529,17.34384792145394,89.69546302050964,9.794903666873834,0.0,0.509633312616532,0.0
LIB193420,37.91160007046037,28.762710346792886,34.01557211852739,46.7308162563704,28.672378556830687,20.316883116883115,25.649010410708158,36.91601779755284,61.21285961326836,35.8001886495834,0.3733689671435309,2.586071372425719,0.027511397578997017
LIB193346,35.53825382928501,43.686902551513704,37.84373242194397,35.101270204128035,27.08622940627914,35.74545454545454,28.24651567944251,26.857579729139363,84.95492695057507,13.981970780230027,0.2175940317065589,0.833074292819397,0.012433944668946222
LIB193408,29.010037096393585,19.90556918071587,27.769700310915518,34.9536833041358,21.547880690737834,12.720100187852223,20.59135851860319,27.579616588419405,69.14401388085598,27.641906965215234,0.1363298355779559,3.06948690407337,0.008262414277451871
LIB193391,30.737642935614154,15.559775335100536,26.53533233029883,34.5392046135659,22.95965076703004,9.621571072319203,19.814636660367633,26.512686810372923,79.7686578207468,18.391456617175553,0.10358605041187786,1.7264341735312976,0.009865338134464559
LIB193385,20.898149033810196,22.575492017258775,19.479355080915884,40.96614900135042,14.419392618084522,15.475430759412891,13.653402741296146,30.992614475627768,82.59475139863605,16.553904919775498,0.019819641264493114,0.8270195764002126,0.004504463923748435
LIB193636,33.07044144204706,17.074591259139023,27.93978935100661,35.43105619425824,23.548223350253807,13.708333333333334,20.104513064133016,25.353319057815845,83.03118201595359,14.430746918056563,0.145032632342277,2.2480058013052937,0.145032632342277
LIB194159,31.284180556036006,44.259442445810755,27.48445520863875,38.74522185789151,21.513142454822813,32.90526315789474,18.413634855689484,28.853092425295344,76.33184698427598,21.923648595791285,0.34029570523351327,1.3807400453727607,0.02346866932644919
LIB193622,29.635554123765278,18.523196492240626,28.36702194436915,30.838300671095528,22.095152603231597,13.564766839378239,21.36059145494649,22.902121789397622,80.75044883303411,17.92818671454219,0.10053859964093358,1.199281867145422,0.02154398563734291
LIB194165,39.8199633740527,43.00350740212452,39.09489818356604,40.235376247656355,29.198495848367603,24.680892337536374,28.117769154408446,30.72573684693784,66.71303742990045,28.66147893752989,1.2650523844715906,3.195235404077729,0.16519584402034515
LIB193839,17.035971011374585,,14.168632731085435,19.141977856459548,12.702004517221908,,10.731123388581953,14.38029273392577,96.28740824392999,3.712591756070017,0.0,0.0,0.0
LIB193805,28.152833818265645,16.289384171823308,24.771811149631112,43.552135773873935,20.698350573105955,10.84862385321101,18.94144948232774,33.365591397849464,67.5985462678222,28.962818003913892,0.0,3.4386357282639084,0.0
LIB193742,43.72327368990298,34.55983728175202,48.63954352998386,42.12588588128041,31.6402027027027,23.735294117647058,33.12987012987013,31.414489311163894,76.01351351351352,18.91891891891892,2.2804054054054053,2.7027027027027026,0.08445945945945946
LIB194039,29.68645119563916,29.58536210347358,27.476795967215658,36.875794226617984,20.67376940343334,18.563492063492063,19.083904533817822,27.017330210772833,74.4364705510417,23.35367203060289,0.2813695425373842,1.8905504094084917,0.03793746640953495
LIB194011,40.75620116010217,38.36991697334288,39.09469074273041,44.70805879555038,27.795171703939367,22.976744186046513,26.903159963713335,31.139590661976335,63.74567231215495,29.666885000467857,1.4784317394965847,4.851688967904931,0.2573219799756714
LIB193959,39.699481168368216,40.66811703740771,36.10106499143129,43.59894617192638,29.106803981980434,28.01418877236274,26.504998624231863,32.2872716233372,67.1327040396725,29.755606564621257,0.5953330796518835,2.3936072274663363,0.12274908858801722
LIB193781,58.92292817100297,81.70197967703149,77.73035713961845,54.93764146731892,42.49971623155505,55.97752808988764,53.98315789473684,40.484606423697784,72.31838819523269,20.488081725312146,4.724744608399546,2.170828603859251,0.29795686719636777
LIB193795,25.071287028462752,14.659561512987427,23.234562582966422,33.10491097130332,18.4092738689422,9.496570308672219,17.49038052871674,25.081644526325995,75.77886008694253,21.077523748188696,0.008050233456770247,3.1295282563194333,0.006037675092577684
LIB193965,48.079841086697506,51.51037222348467,45.098790511085134,50.27631711427569,32.03057996485062,27.489320388349515,28.533247089262613,35.84669073405536,67.89689513766842,25.073227885178678,2.741652021089631,3.9132981839484473,0.37492677211482134
LIB193971,32.51779425989553,31.53778018420714,28.320640961204273,33.594206419244266,24.957811470006593,25.157894736842106,22.289473684210527,25.69916983255945,86.91496374423203,12.524719841793013,0.043946385409800046,0.5163700285651506,0.0
LIB193540,35.43509569986384,33.31004031528482,33.140928778794965,36.98027804577485,25.708749536511647,22.77126977340744,23.785547785547784,27.128489144882586,76.59861346756706,20.52607332666659,0.616860863605209,2.2157552332048676,0.04269710895628041
LIB193554,43.78803251065869,38.71595400079682,41.78317456912486,58.34544112368127,32.29683732282538,27.064908419442684,31.520317265287314,43.9801251176438,48.65611950832206,38.40057636887608,1.078486149503029,11.236987590425219,0.6278303828736106
LIB193597,32.6297889205554,32.174794347506676,31.478513441880292,33.89712890921701,24.708512931034484,20.318840579710145,23.613829787234042,26.28099173553719,73.76077586206897,23.868534482758623,0.3771551724137931,1.9396551724137931,0.05387931034482758
LIB193587,37.51949730819728,36.22851769677438,33.699212947522916,39.39428906104321,27.100968770684158,26.53846153846154,24.096941011482162,28.688963828706058,77.27901799145556,20.789457849449423,0.4362476683314279,1.4591732354533968,0.036103255310187134
LIB193550,24.336398767018988,21.860713874835227,23.505567509758624,27.41759336860697,18.894046854149163,16.07175269427113,18.409463269766587,21.126338084607017,76.60628675925469,21.0633618346266,0.019769683190826868,2.3081105125290367,0.0024712103988533585
LIB193544,36.66424264384993,49.509512023669934,28.572627789764358,42.44623230864574,25.52972854159798,38.61643835616438,20.76626198686759,29.64808477301777,77.10957248049236,20.93856467743708,0.2417848115177492,1.6968897681063855,0.013188262446422684
LIB193578,37.79895328663503,25.965002652136413,36.29297602667052,44.57292435994026,28.008364275162695,18.47875751503006,26.887404580152673,34.354109589041094,59.9273366071785,33.63077414460814,0.7026789635485288,5.575518026110911,0.16369225855391864
LIB193949,44.62759810592926,47.581052129383714,37.5162228293823,48.42729969282932,33.07693014143146,28.17391304347826,27.052156958323177,36.7586479151246,70.26571970856548,27.113818649360187,0.9183860895120308,1.6775852568419762,0.024490295720320823
LIB193785,27.805377286457453,19.56462081226824,26.783978742692526,32.87198805398326,20.202199996557127,12.175723830734967,19.68453114980516,24.570509383378017,71.9302473705049,24.322184159336214,0.14115783856363293,3.5805890757604453,0.0258215558348109
LIB193961,23.467744457874936,19.929684084106995,20.060383002009956,28.71255700451289,17.347305389221557,13.346153846153847,14.97085114652157,21.760823278921222,85.50399201596807,13.947105788423153,0.0,0.5489021956087825,0.0
LIB194029,30.49365734120565,26.382327234956477,28.99344983462876,31.965103201297634,21.65579173716864,15.88821752265861,20.0949098621421,23.339802813017098,80.85871404399323,17.154892836999437,0.4018612521150592,1.5545685279187818,0.02996333897349126
LIB193746,22.53389784538907,29.5765570557617,20.37391747684072,27.951758322170246,17.261363636363637,22.40909090909091,15.710163204747774,21.84420449537241,83.66407982261642,16.1529933481153,0.0,0.1829268292682927,0.0
LIB194001,44.4953488083167,38.061275783737386,44.87551486411634,44.50211076960348,31.22073961113229,21.160714285714285,31.120710059171596,31.59698025551684,74.99046892870759,21.1208539839878,1.5249714067861229,2.249332825009531,0.1143728555089592
LIB194015,36.71864481015934,20.391991892243713,24.130844553452253,39.20277690472705,26.902517753389283,12.833333333333334,17.732441471571907,29.174437299035368,87.28211749515816,11.943189154293092,0.03227888960619754,0.7424144609425436,0.0
LIB193829,45.94679418413269,31.09634333894205,48.086557668513535,47.12253028971976,32.240134132331484,18.41941539286672,33.90687839131822,34.16223504327104,66.08811748998666,26.003663799795074,2.0554537833390256,5.545378333902567,0.3073865929766821
LIB193801,35.55923681258718,23.26921733930611,33.61913014861755,42.195815981544335,25.7041650447645,13.023354564755838,25.038364779874215,31.144586415601882,66.56286492798755,29.56403269754768,0.44764499805371744,3.289217594394706,0.13623978201634876
LIB193815,26.932192719009503,15.237287763968073,24.76361538123936,33.58474560181484,18.45091623036649,9.665258711721226,17.96040799082624,22.538794168519892,77.13787085514834,18.819080860965677,0.1199825479930192,3.8248981966259454,0.0981675392670157
LIB193626,35.30456959354378,27.100193822196076,32.14690132337033,42.05966783954952,25.198979360741625,17.402179296681524,22.95748743232792,31.16600220952015,67.35917141002219,27.912068002355323,0.5661830205486691,4.06292935545725,0.09964821161656576
LIB193632,48.214235110340304,35.228249412229474,40.89489551809562,54.57987276030194,35.239651878582045,19.83743842364532,29.011163337250295,41.632547037349056,63.52508313875327,31.861600509445974,1.556640486803934,2.922238732045567,0.13443713295124884
LIB194161,35.584389135230886,32.597461487251486,33.28585230696226,41.33020025551171,24.748290990715233,21.853211009174313,23.2447963800905,29.145087585681644,67.003367003367,28.01754922967044,0.7346189164370982,4.1526374859708195,0.09182736455463728
LIB193381,32.08459379032523,23.585034368299024,30.067931516074662,41.705644647392106,23.09773299748111,16.946153846153845,21.561543579507653,31.928977272727273,65.84382871536523,29.622166246851382,0.30226700251889166,4.231738035264484,0.0
LIB193395,29.31603611333768,27.873678488972285,29.002315013349317,29.664796405200065,22.175318139334244,22.24538258575198,22.135296690479663,22.2133955251075,77.42828384499245,21.3710547127759,0.043137536846646056,1.1215759580127973,0.035947947372205045
LIB193342,30.80585361542761,24.031865060836985,27.781179357499266,35.41598417765169,21.786309821577454,16.53985507246377,20.26868170852845,24.575845283515328,74.83908620977155,22.456228114057026,0.09171252292813073,2.5696181424045355,0.043355010838752706
LIB193424,30.261345338799963,30.080388748053814,27.47678485610467,34.89836539830067,22.433438195350266,20.02127659574468,20.47459433850527,26.162366548042705,75.52367068211463,23.517225504488607,0.1841479321721783,0.7749558812245838,0.0
LIB193430,29.336656383408663,25.780370439541787,28.535668821923863,31.49963554504288,21.4728141717092,19.303055555555556,21.040553142129323,22.7589084456381,72.81855652021399,23.65313221666813,0.17685404425735918,3.294454675670145,0.0570025431903885
LIB193356,35.17385613060316,46.85494785627086,30.801497553224554,40.780166717438945,26.647688902531627,35.148514851485146,24.286166328600405,30.130977801055558,69.66088824983441,29.116112250997627,0.07431701051747257,1.137373378354363,0.011309110296137131
LIB193418,33.15246997483142,29.43744514891377,30.699204037346732,37.12293293279385,25.05246913580247,20.974729241877256,23.78884012539185,27.43288020390824,69.29783950617285,28.834876543209877,0.07716049382716049,1.7824074074074074,0.007716049382716049
LIB193419,32.05911268334026,18.49892912256347,26.61740218109729,39.91276078905217,22.84052541102834,10.541374474053296,19.007531447800655,30.286788154897494,75.62921496892494,21.474853440296204,0.08374840216864284,2.776920703486578,0.03526248512363909
LIB193431,38.019999686685274,64.3840639623478,33.38025801411809,48.04524306865462,27.05433646812957,49.92307692307692,23.508909479686388,36.44578313253012,67.65935214211076,29.93730407523511,0.522466039707419,1.8286311389759664,0.052246603970741906
LIB193357,33.9245637377261,23.421027684863148,32.17266972588437,40.7205897249368,24.32133573285343,14.268907563025211,23.76261620185923,29.81922525107604,66.38672265546892,27.914417116576683,0.3199360127974405,5.278944211157769,0.09998000399920016
LIB193343,28.696647843211,14.585409737651865,28.636438963481606,32.158838679139286,20.64620039152874,8.620253164556962,21.47317854283427,23.835692835692836,76.50827549386013,19.9679658302189,0.10678056593699946,3.4169781099839827,0.0
LIB193425,34.840064392942864,24.245445594761094,32.76489314224882,38.497526797408185,25.421136749575467,15.901106500691563,24.266606552449655,28.36346713205352,70.20777145140346,25.501947857356903,0.27469783238437717,3.895714713814804,0.11986814504045551
LIB193380,32.03207441117001,24.47727715196675,29.798439428372962,34.079085825042085,24.20576609447992,17.561827956989248,22.709496183206106,25.75076083534474,75.97921331232551,22.154960333913813,0.1796721673991763,1.6778616247892306,0.008292561572269675
LIB194160,40.23250728280302,41.22567008461477,35.808880115515194,54.91372621424149,28.39630131375823,26.63323782234957,25.437664124046517,41.59865629420085,59.38376232632873,34.59563340789515,1.07747077911849,4.7036955357424155,0.23943795091522008
LIB193633,30.765564216900355,37.04832201020327,27.65020580509597,40.73281636554554,22.2196762449349,26.065343258891644,20.05432968179447,30.862152624614026,70.72628915811342,26.924738260279323,0.20568936791657239,2.1124298085031983,0.030853405187485857
LIB194148,31.91957535087553,22.222361110677085,28.232101742700443,45.77754874898446,23.081512802443036,13.746031746031745,20.59614787200994,36.25318066157761,67.53582334977683,29.316420014094437,0.1644350481559784,2.9598308668076108,0.02349072116513977
LIB193814,27.049319938340844,20.426014943917174,25.348091139930368,31.924878471213006,19.35746881155614,12.68702663083313,18.217831940343327,23.67672694930329,76.45436638214052,20.331582403151675,0.15430072225869992,3.026920551543007,0.032829940906106365
LIB193800,37.71272509336589,44.33517613743352,33.95147859152418,41.1577823284037,26.779892630551487,33.80392156862745,24.145893719806764,29.413233458177277,73.32845290385553,24.4265495363592,0.6588579795021963,1.5373352855051245,0.04880429477794046
LIB193828,27.70110946004347,18.70860700447535,22.86591528526817,36.11462684549501,19.695551338815097,12.467065868263473,16.131260229132568,27.6482577251808,81.8258486190175,16.04469744887202,0.02108370229812355,2.0240354206198607,0.0843348091924942
LIB194014,28.444731439623418,25.583596895423575,25.03975160633166,37.58925493762165,19.465434185506023,15.146666666666667,17.173800774654882,27.316538531942157,78.41326854003803,19.90703570673991,0.21973378406930066,1.4324952461440947,0.027466723008662583
LIB193747,34.319475342405156,27.564408395057047,30.607436588300374,41.08938105023216,26.304471284594467,22.440677966101696,23.837693474962062,31.508501724987678,66.55735082386818,31.494960806270996,0.12398016317389218,1.7877139657654775,0.03599424092145257
LIB194028,24.528017755961386,17.51766150643124,23.583741584141706,30.108229233553384,17.16465885296277,11.649392488954344,16.63781388860184,21.734016969916965,75.7086268004605,20.10261151750832,0.06435881398489833,4.102647775995069,0.021755092051233244
LIB193753,27.294596673231105,23.110940318466014,25.17180842453542,34.0211943744876,19.532220981409708,16.337442218798152,18.094346352773318,24.948214285714286,73.8290744268541,23.076923076923077,0.04598305196084872,3.0086053997241016,0.03941404453787033
LIB193960,28.02730405194626,7.923980924018592,22.458565363491577,35.0034882859673,20.389795282136546,5.912280701754386,16.507961232260296,26.528775079197466,80.40112231112958,18.954587966330667,0.0519588485919152,0.5923308739478333,0.0
LIB193974,31.39385911106387,13.432881585583477,25.45876321349035,34.27495333158272,22.112172890326374,9.788461538461538,19.099267247338588,23.821888575565886,84.79368813094187,13.93217681074194,0.08820935019112026,1.181025188669999,0.004900519455062237
LIB193948,31.878761978499877,22.680852114318345,29.444983724376264,34.57311967365599,24.05762626685652,16.05263157894737,22.309720785935884,26.28006902502157,73.62425663790937,23.779210989195075,0.13401457408493173,2.4541418879303127,0.008375910880308233
LIB193790,35.680428805408404,32.511602951978034,33.23527706872608,39.413416814759444,26.051961996079754,22.15344678396308,24.148968413760258,29.383783961365353,69.46577275053997,27.079665905090078,0.539346042922956,2.864027366817733,0.051187934629262015
LIB193579,37.18884489784418,37.07851148075689,31.829763953905868,47.18232839396607,25.864369839473575,22.41396933560477,21.78549344546129,35.44028169014084,69.90653422188691,26.820067898906075,0.6245022842533217,2.590217527976864,0.058678066976822166
LIB193545,36.98265312443559,47.44658400067736,35.59707249886441,37.98379090609918,26.040592859098197,32.14833333333333,25.11008035062089,26.844960553142453,71.56544523092566,25.38813499667592,0.7547612529818936,2.1626060771968247,0.12905244221970202
LIB193551,29.853684439165956,22.773316219293395,25.60394913184981,32.72306435407791,21.691255458093433,17.427350427350426,19.29379247847757,23.52155904121681,81.83469222149233,17.152903898914175,0.0038641369450133313,0.9930831948684261,0.015456547780053325
LIB193586,34.40959677439746,36.28464906232052,28.14297249257996,44.76668604861523,25.02634003993242,21.272727272727273,20.616208822523653,34.33492708582357,72.25464598371985,26.155736446014437,0.23037935800952233,1.3438795883888803,0.015358623867301491
LIB193592,38.99726950204855,32.9984066778388,36.28778714243459,43.42240181263564,28.16280696844609,21.40242669362993,26.28428222593497,32.01991671193192,65.9693556286294,28.59441684740782,0.7836003638144547,4.449730637374938,0.20289652277338557
LIB193584,32.313293603207114,40.05459028825874,30.047581602597713,35.63998096169677,23.365098773451532,28.785553047404065,21.974921250302884,25.593709327548808,73.6502235298613,24.217645485461006,0.32478697795269573,1.7767758205647473,0.030568186160253717
LIB193590,35.47738901896764,39.78803487605597,33.245480344044104,36.80805590226798,25.612847413951776,29.614035087719298,23.735010402874977,26.79025308005098,77.45628566169704,21.063868949015276,0.5521811154058531,0.9129394441376771,0.014724829744156082
LIB193553,25.13334782312568,25.14430263610784,24.571847543471467,26.42488575073538,18.689186176142698,18.45505617977528,18.183465085639,19.92997639653816,76.75585284280938,20.60200668896321,0.07803790412486065,2.564102564102564,0.0
LIB193786,30.878942862945802,22.0483618557262,30.826801891150232,31.448435871011686,21.99772191673213,12.322645290581162,21.5495183044316,23.013776452208493,80.86410054988217,17.06205813040063,0.5970149253731344,1.4611154752553024,0.015710919088766692
LIB193792,24.024716736721338,15.846798386686197,22.098335928547623,27.51516824115279,18.30213238390567,11.59235668789809,16.975967799218658,21.052170986199933,83.50369434554572,15.577504689713257,0.042111710883963094,0.8728609165039622,0.0038283373530875542
LIB193962,20.61505089070616,21.34899810950669,18.815896453491103,24.916472793138073,14.862262584834724,12.066433566433567,13.398303944003231,19.087689713322092,87.13441726478199,12.216200380840778,0.004882574093061863,0.6347346320980422,0.009765148186123725
LIB193976,58.69358221690114,48.03672048705568,60.317011753514564,59.54815832234444,43.59635308744302,27.170454545454547,44.98447893569845,46.06976744186046,54.786572731040195,34.314131786158306,4.5171985080812265,5.63613758806465,0.7459593866556155
LIB193989,37.53368129796532,35.36568544955792,34.15285810822791,47.04182955424513,27.635544635544637,28.0,24.7482895210659,37.10650887573964,62.18946218946218,35.24433524433525,0.8736008736008737,1.6107016107016106,0.08190008190008191
LIB193751,25.666922241537474,27.114623309255048,22.9712822701511,39.962506678576524,18.691994835377663,16.41958041958042,16.96809897434636,31.11058201058201,77.31654831073811,22.334839681514957,0.002151925973746503,0.3400043038519475,0.00645577792123951
LIB194016,31.963970643182606,28.4538407905817,31.542258986559528,32.87751518066058,23.84222878758594,19.10085520495429,23.411269330883478,24.946344240881537,72.2782118894442,24.743904796090234,0.3189110086423503,2.6092718888919566,0.049700416931275374
LIB193779,24.16756826156288,19.820876066099643,23.33468916045353,31.60603944380422,18.443253840369536,15.027681660899654,17.87423207658964,24.668367346938776,72.34933934901709,25.268557310129978,0.0,2.3821033408529377,0.0
LIB194002,22.646083758357534,20.26237426031483,21.778853670260624,27.444448231908563,16.53342603095613,13.648292390653086,16.009580058596473,20.401491460187636,78.35998389988657,18.774927732445388,0.04390940027077463,2.813860734018808,0.007318233378462439
LIB193816,29.735236758720728,26.19567335939837,24.905908119185142,43.063801616692885,21.795306197286397,17.240825688073393,18.73406422819443,33.392116182572614,72.43857719105243,25.405207187385404,0.08067473414008067,2.060872753942061,0.014668133480014669
LIB193802,30.737714292847084,28.387287649617832,28.92793958264163,37.5417679609926,22.658230012825992,19.910112359550563,21.56420970013158,27.832028469750888,66.44206926036767,29.113296280461736,0.1693031209918769,4.239418554938008,0.03591278324070115
LIB193631,45.90269656970549,31.001669840112935,45.79287060001398,48.9278316213705,33.103748621830206,19.294896957801768,33.6399687946951,35.95933896088456,61.91841234840132,30.363836824696804,1.6923925027563396,5.7111356119073875,0.31422271223814774
LIB193625,27.279618217516497,19.744872752185564,20.218844702745454,37.656886812565475,20.276220145379025,13.86,15.654320987654321,29.60281103591879,81.94877120110765,16.908965039806162,0.0,1.142263759086189,0.0
LIB194162,42.01754936136611,45.12255644853253,38.630560847317675,48.11990809754251,30.30874283623948,29.109471094710948,27.85842302403869,36.19667888721156,60.54749420802341,33.19412266796732,1.1522985001829045,4.816485794415315,0.2895988294110474
LIB193619,33.345290492128484,22.784342771083043,30.892826633768887,42.9535692662418,24.473531042128602,15.64923469387755,22.71683862368564,33.480735411670665,65.38248337028824,30.044345898004433,0.30834257206208426,4.240576496674057,0.02425166297117517
LIB193382,23.952232760213896,40.38579199572482,22.176397395784967,33.173788169773566,17.38900902459418,30.76829268292683,16.32226543025227,24.2560921577315,80.01037972493728,19.67534527001701,0.0172995415621486,0.2883256927024767,0.0086497707810743
LIB193433,37.09367012645443,22.075627586397932,35.818385249970234,39.046495263793965,28.827489122088558,17.25925925925926,28.589318600368323,29.506841165972634,64.1924750447914,33.708727924238545,0.2303557716918352,1.817251087791144,0.05119017148707448
LIB193427,38.9520229046611,49.53625314440783,36.19933679601521,43.2095686830551,29.03122238586156,39.032863849765256,26.988924411966202,32.44977218485572,63.416789396170834,33.681885125184095,0.7879234167893961,2.039764359351988,0.07363770250368189
LIB193341,30.810608858734305,22.911848304066975,31.54125828160907,31.223927706204805,22.34045614792431,15.73147931759757,23.116041907341753,22.676546883344777,75.20684941362687,20.805453629757537,0.36153680120872006,3.5919850348945968,0.03417512051226707
LIB193369,40.8808202390147,24.968275325445944,33.62416489616795,50.818504248762544,27.26910569105691,15.295454545454545,22.76045627376426,35.62925851703407,71.35501355013551,23.523035230352303,0.43360433604336046,4.281842818428185,0.40650406504065045
LIB193368,30.37734376652455,39.33647700212956,29.41030218981029,31.448282275382482,22.697528340457165,28.017921146953405,21.901274089250272,23.69255928045789,75.77773648020813,23.055194201821223,0.16725515703400856,0.9849470358669392,0.01486712506968965
LIB193426,35.63488873359676,50.46081764742877,30.634794670286997,48.477586198534716,26.99043062200957,36.76470588235294,23.906444906444907,37.17454545454545,62.75917065390749,35.48644338118022,0.1594896331738437,1.5948963317384368,0.0
LIB193340,25.119289278796995,30.61841242597629,22.90360586218809,53.89957472403838,17.565965715872025,24.243589743589745,16.224079413160105,45.898493259318,73.47144146019848,25.95946977583455,0.003470053438822958,0.5621486570893192,0.003470053438822958
LIB193354,34.29934481025493,19.823634312050935,31.690395174321758,37.48318590725654,23.69800109794297,12.687320711417097,22.504072398190047,25.89188173390128,76.17786676139116,20.476636419414216,0.1905253980043272,3.0548648561371783,0.10010656505312107
LIB193432,33.01097325647715,34.62867388372034,31.512889359757317,35.78827016347608,24.394076157213163,21.78021978021978,23.38162286191072,26.901991265082536,68.4598462340961,28.258453722813144,0.41729979815390195,2.782754632254553,0.08164561268228517
LIB193383,26.40203567021248,17.217610073824854,24.588949895988222,29.37251604041946,19.89936616791355,12.401486988847584,18.977388643318598,21.68218988218988,79.45241064006649,19.498129675810475,0.046758104738154616,0.997506234413965,0.005195344970906068
LIB193397,34.615777979974126,19.147998566896486,31.48917368396941,46.930277071402,24.146480381657092,12.256629505357722,22.912479784366578,34.32714070779093,67.57050595527862,26.959400253139908,0.2531399084801869,5.062798169603739,0.15415571349754975
LIB193618,36.37125970673537,32.39798577183022,34.48993341253689,41.14223155685234,27.046649703138254,20.657370517928285,25.865291794646776,31.312810327706057,63.44359626802375,31.77834322872491,0.4240882103477523,4.212609556121007,0.14136273678258413
LIB194163,35.22024264794009,30.048558647250474,32.880812441929244,40.985968662150874,25.00784929356358,18.932464454976305,23.38952025678841,29.933719966859982,67.12599569742427,29.030757602186174,0.6337577766149195,3.1455317169602885,0.06395720681434967
LIB193624,41.02992591752484,38.43681684126417,35.35986122170985,47.48075084578766,29.440686521958607,33.94444444444444,25.146940598481464,35.0316715542522,66.3301362948006,31.549722362443212,0.5805148914689551,1.5396264512872286,0.0
LIB193630,30.239945212488173,27.42712832983163,27.84831523808751,32.59660278130414,21.95078995078995,19.78421052631579,20.696766713899265,23.30529969296489,78.2051282051282,19.994819994819995,0.12302512302512303,1.6317016317016315,0.045325045325045325
LIB193803,33.191713208998245,27.46304718233175,30.259385224686344,40.640148895889304,23.483276951554224,16.172762271414822,21.78394559126395,29.53217142175003,68.96980915299675,26.785600306376462,0.4148847896853258,3.7052403140358714,0.12446543690559776
LIB193817,33.444767296274435,39.31300250772137,30.780030106255495,38.14751793221369,23.69289831628352,26.71572700296736,21.64581695100687,27.84727707525635,71.83363331890365,25.774076689982,0.4784579982228703,1.8545943359686494,0.059237656922831554
LIB194003,34.95749809072866,30.62660222820912,32.56791807321801,36.109896370008194,25.130264695422447,17.40449438202247,23.409026576505738,26.067472995588012,80.4196514758929,17.62942640857593,0.43184473911497234,1.473352639333435,0.04572473708276177
LIB194017,38.70984278462404,42.75088159571962,35.19197327939219,41.87938606885836,26.926542913138334,23.83975026014568,24.11205552668696,29.93591261505557,73.06326960766188,23.908220241837075,0.8726842436120253,2.061531634803831,0.09429427208519765
LIB193750,27.746990064180306,32.47437005922981,25.537181294900932,34.76694886353436,20.03049484453999,22.65495867768595,18.610035077016928,25.403505237711524,74.82781957880489,23.547911939169552,0.11545045583024802,1.480950674788009,0.027867351407301247
LIB193988,50.55576206093348,51.52073721945721,53.97160682650039,49.54688277783257,35.20034957395674,31.34090909090909,35.91616161616162,35.04826418289585,74.7432816255189,20.712256936858203,2.44701769718156,1.9663535066637534,0.13109023377758358
LIB193977,25.95403543899382,28.643121877517295,23.761045450502607,32.51770830237127,18.556955905830502,19.779144121987212,17.031321843288282,24.018365374288475,77.24574460908866,21.090324466530255,0.06183527083848628,1.5807343781620309,0.021361275380567986
LIB193963,35.46420706374797,29.151159625765864,33.47050918102761,37.86531456084603,25.585831062670298,18.96,24.248231012871486,27.51572569347156,72.05185368673106,24.97068780447527,0.44422425893815537,2.4803897283461316,0.05284452150937165
LIB193793,38.06437832625266,32.60020887261805,38.605219596255104,37.910390455085206,27.64152998177535,21.393939393939394,27.91438059485995,27.63254962231451,77.07249855536293,20.47161843801396,1.10459172334089,1.2890607636573765,0.06223051962483887
LIB193787,50.77691401499335,55.035137909476774,48.30742758615393,52.79472784325608,37.30911355615528,34.12770137524558,35.30006370779358,39.818161231884055,57.068714967822295,35.93522939588956,2.293958895578161,4.266140751505086,0.43595598920489936
LIB193552,31.54989030505895,41.150473214571086,26.56105004466014,42.61429167158924,22.06324319563111,29.120481927710845,18.96312649164678,30.849826989619377,76.16489033735576,22.37294107284418,0.11450717871928126,1.3476614110807716,0.0
LIB193546,25.11993157768317,22.417380647325327,24.273425942065057,28.496045500188494,18.967731945992817,16.166819431714025,18.404447892423068,21.744354371742908,73.20698625046451,22.79202279202279,0.04335439118047814,3.9514430818778647,0.00619348445435402
LIB193591,36.940211195610964,23.151421133325936,33.92698909514029,41.0207793696174,26.06523822562979,15.13115763546798,23.524119269396888,30.014232876070977,73.14713399050748,22.458013873676524,0.5955640744797371,3.6623767798466593,0.13691128148959475
LIB193585,29.535510875834273,38.85950623064832,25.315892780533066,41.00602437554413,21.735810313432257,30.306122448979593,18.873890938091915,31.735087719298246,73.82898764092829,25.520127077602574,0.007748634303204061,0.643136647165937,0.0
